id,first_name,last_name,email,address,company,dob
1,Kaitlyn,Taaffe,ktaaffe0@nps.gov,1 Ramsey Place,Wordtune,10/31/1961
2,Laurie,Tottem,ltottem1@altervista.org,40210 Mifflin Drive,Skilith,9/3/1990
3,Peter,Fantini,pfantini2@arstechnica.com,0130 Union Junction,Eimbee,6/17/1963
4,Harlan,Stile,hstile3@google.cn,629 Declaration Hill,Thoughtblab,10/27/1977
5,Dalston,Ruspine,druspine4@ibm.com,253 Anzinger Terrace,Mymm,11/3/1979
6,Oralla,Rubinfeld,orubinfeld5@jiathis.com,861 Brown Plaza,Livepath,3/20/1973
7,Henderson,Walters,hwalters6@skyrock.com,2 1st Way,Jatri,6/8/1957
8,Barney,Busek,bbusek7@bloglovin.com,9987 Duke Center,Skidoo,11/3/1971
9,Zuzana,Bottby,zbottby8@opera.com,78 Dahle Junction,Thoughtbeat,8/3/1966
10,Liv,Samuels,lsamuels9@abc.net.au,014 Katie Point,Rhynoodle,3/8/1985
11,Aldridge,Daniellot,adaniellota@comcast.net,3336 Pleasure Parkway,Zoomlounge,7/13/1978
12,Shina,Records,srecordsb@linkedin.com,56478 Hanson Trail,Mudo,1/29/1983
13,Armin,Sackett,asackettc@slideshare.net,6313 Ronald Regan Hill,Demimbu,1/1/1992
14,Ari,Keoghane,akeoghaned@storify.com,597 Eggendart Terrace,Podcat,12/25/1995
15,Bette,Rollett,brollette@rediff.com,65 Armistice Crossing,Voonder,10/30/1973
16,Trudey,Tellenbrok,ttellenbrokf@ibm.com,657 Farmco Point,Zoomzone,12/7/1982
17,Alexandros,Bastin,abasting@eepurl.com,8337 Fuller Pass,Quamba,6/10/1991
18,Ebeneser,Normansell,enormansellh@i2i.jp,42 Cherokee Plaza,Voomm,12/28/1989
19,Mahalia,Grigg,mgriggi@drupal.org,7954 Waxwing Alley,Midel,12/2/1975
20,Magdaia,Boustred,mboustredj@europa.eu,138 Quincy Place,Blogtag,8/23/1988
21,Celestine,Gilluley,cgilluleyk@squidoo.com,100 Fair Oaks Circle,Fivespan,4/11/1971
22,Sibley,Gentery,sgenteryl@ifeng.com,559 Hazelcrest Drive,Yacero,4/21/1990
23,Franciska,Barnewall,fbarnewallm@facebook.com,324 Old Shore Avenue,Riffpedia,4/30/1996
24,Melania,Clampton,mclamptonn@usgs.gov,31 Pleasure Street,Teklist,12/8/1950
25,Ameline,Hillum,ahillumo@eventbrite.com,38 Reinke Avenue,Aibox,5/8/1960
26,Peder,Peplay,ppeplayp@myspace.com,159 East Pass,Skaboo,11/27/1967
27,Pris,Rolfini,prolfiniq@shareasale.com,2629 Pankratz Crossing,Quinu,8/31/1966
28,Munmro,Milbourne,mmilbourner@smugmug.com,59 Milwaukee Pass,Skiptube,8/21/1986
29,Elena,Cuniam,ecuniams@pen.io,36602 Almo Alley,Minyx,5/13/1960
30,Fan,Sinkings,fsinkingst@irs.gov,27544 Clemons Street,Vimbo,9/6/1950
31,Bethanne,Dayment,bdaymentu@1und1.de,32 Fairfield Terrace,Wordtune,10/25/1969
32,Min,Bridgewood,mbridgewoodv@scribd.com,8199 Macpherson Pass,Flashpoint,1/1/1952
33,Emilia,Freeberne,efreebernew@thetimes.co.uk,7949 Scott Lane,Leenti,3/11/1976
34,Valina,Keuneke,vkeunekex@g.co,717 Artisan Way,Linklinks,4/4/1977
35,Alta,Eltune,aeltuney@ibm.com,5807 Eastwood Drive,Shufflebeat,8/23/1995
36,Chelsy,Howbrook,chowbrookz@newsvine.com,909 Fordem Center,Jaxbean,3/20/1958
37,Garnet,Brady,gbrady10@businessweek.com,5185 Prentice Junction,Tagopia,10/1/1964
38,Ameline,Hallstone,ahallstone11@comcast.net,02168 Debs Hill,Bluejam,6/25/1994
39,Walliw,Gartland,wgartland12@umich.edu,62767 Portage Point,Flipopia,11/5/1972
40,Emalee,Lamprecht,elamprecht13@cnbc.com,914 Londonderry Alley,Roombo,1/26/1958
41,Stuart,Stigell,sstigell14@a8.net,7259 Jana Way,Abata,4/8/1966
42,Corbett,Copes,ccopes15@flickr.com,76 Lawn Hill,Zooxo,6/15/1971
43,Jdavie,Hotchkin,jhotchkin16@google.fr,4 Sage Circle,Skiba,5/28/1984
44,Dore,Giorgetti,dgiorgetti17@nasa.gov,357 Rowland Center,Skilith,7/3/1982
45,Carilyn,Gash,cgash18@fema.gov,8 Hazelcrest Way,Thoughtblab,5/25/1954
46,Garey,Thorbon,gthorbon19@princeton.edu,2 Monterey Pass,Skyndu,5/15/1994
47,Ann,Beves,abeves1a@oakley.com,5984 Sycamore Terrace,Yombu,8/29/1961
48,Carina,Vile,cvile1b@reference.com,19 Ludington Way,Quatz,9/21/1959
49,Eddy,Chatwin,echatwin1c@geocities.com,822 Northland Court,Yabox,8/30/1952
50,Yurik,Gilbertson,ygilbertson1d@scientificamerican.com,991 Canary Drive,Skivee,4/24/1978
51,Janela,Shann,jshann1e@github.com,747 Lawn Terrace,Flipstorm,1/8/1950
52,Camellia,Friend,cfriend1f@networkadvertising.org,29 Lindbergh Place,Einti,7/26/1980
53,Gina,Fallanche,gfallanche1g@yelp.com,95 Anzinger Road,DabZ,4/28/1975
54,Hertha,Halbard,hhalbard1h@unesco.org,2671 Nelson Pass,Avamba,11/3/1960
55,Norene,Scotney,nscotney1i@paypal.com,8 Pierstorff Center,Fanoodle,8/29/1994
56,Jonell,Schimke,jschimke1j@google.fr,8 Brentwood Drive,Gigabox,12/25/1959
57,Caro,Saywell,csaywell1k@t.co,28 Kim Parkway,Edgeify,10/30/1968
58,Cristobal,Kelledy,ckelledy1l@npr.org,64 Truax Way,Jabbersphere,2/22/1956
59,Jermaine,Johanchon,jjohanchon1m@reverbnation.com,6 North Parkway,Dabshots,2/18/1963
60,Ximenez,Mangion,xmangion1n@dedecms.com,368 Huxley Hill,Skyndu,1/25/1952
61,Carlie,Osmund,cosmund1o@amazon.com,55 Kim Pass,Flipopia,4/8/1968
62,Ruddie,Moorwood,rmoorwood1p@constantcontact.com,8 Shelley Way,Trunyx,6/23/1959
63,Joelly,Troth,jtroth1q@examiner.com,5 Straubel Place,Yotz,6/7/1973
64,Bernadine,Bibey,bbibey1r@umn.edu,375 Scoville Crossing,Aivee,7/30/1951
65,Deanna,Robun,drobun1s@youtu.be,79 Bluejay Way,Youtags,5/21/1956
66,Hi,Willshere,hwillshere1t@homestead.com,7091 Ridgeview Lane,Roomm,1/28/1952
67,Seward,Gallandre,sgallandre1u@webmd.com,4 Erie Center,Roodel,4/18/1998
68,Stefa,Argabrite,sargabrite1v@flavors.me,85 Lillian Junction,Skiptube,8/7/1969
69,Shaylynn,Clutten,sclutten1w@storify.com,23661 Eagan Point,Twitterwire,12/1/1998
70,Dudley,Masedon,dmasedon1x@imdb.com,7 Fair Oaks Park,Riffpedia,5/16/1999
71,Dilly,Thal,dthal1y@bloglovin.com,51047 Lake View Pass,Eidel,9/12/1966
72,Jania,Marwood,jmarwood1z@wikimedia.org,0847 Ronald Regan Lane,Topicshots,5/1/1980
73,Claudine,Bevans,cbevans20@soup.io,57062 Meadow Ridge Place,Cogidoo,4/9/1972
74,Gabi,Nannizzi,gnannizzi21@amazon.de,93313 Garrison Terrace,Kazio,1/3/1988
75,Jessey,Wallsworth,jwallsworth22@github.com,8519 Cottonwood Plaza,Thoughtstorm,5/12/1992
76,Linda,Limprecht,llimprecht23@arizona.edu,83959 Cordelia Alley,Meembee,7/7/1952
77,Lanna,Eagers,leagers24@nifty.com,7 Utah Way,Thoughtstorm,3/26/1978
78,Elfreda,Thouless,ethouless25@163.com,03 Riverside Pass,Skippad,1/3/1953
79,Meara,Mcasparan,mmcasparan26@ted.com,73081 Jay Park,Edgeify,12/2/1982
80,Karyl,Chasson,kchasson27@google.co.jp,1 Clarendon Street,Eamia,2/2/1960
81,Tab,Hunnicutt,thunnicutt28@taobao.com,44621 Armistice Junction,Agivu,7/26/1967
82,Rubina,Salliss,rsalliss29@lulu.com,47 Birchwood Park,Photospace,7/14/1979
83,Hilario,Oattes,hoattes2a@amazon.de,7745 Quincy Alley,Yoveo,6/22/1986
84,Carlotta,Facey,cfacey2b@issuu.com,5841 Clove Alley,Gabspot,6/25/1954
85,Hardy,Scurrey,hscurrey2c@reddit.com,8701 Dwight Place,Rooxo,12/1/1972
86,Rebeca,Ride,rride2d@w3.org,85 Dahle Plaza,Feedmix,1/11/1950
87,Bonnie,Trime,btrime2e@typepad.com,3334 Oak Avenue,Myworks,6/4/1983
88,Abbi,Nequest,anequest2f@tamu.edu,975 Scoville Road,Yabox,9/5/1998
89,Dinnie,Templeman,dtempleman2g@bing.com,48172 Anzinger Street,Cogilith,4/16/1963
90,Brigid,Berthelet,bberthelet2h@squarespace.com,7844 North Alley,Quire,10/8/1954
91,Rodger,Morkham,rmorkham2i@miibeian.gov.cn,94 Lotheville Junction,Zooveo,4/30/1983
92,Vitoria,Marrow,vmarrow2j@slate.com,88 Garrison Trail,Flipopia,8/10/1976
93,Dario,Talman,dtalman2k@gravatar.com,96 Hagan Drive,Ailane,11/6/1996
94,Farrah,Scarre,fscarre2l@blogger.com,6 Arrowood Drive,Buzzdog,8/28/1984
95,Cati,Godsafe,cgodsafe2m@goo.ne.jp,9 Union Terrace,Dablist,3/3/1977
96,Jaine,Snalum,jsnalum2n@deliciousdays.com,155 Gerald Way,Pixonyx,2/14/1987
97,Fritz,Cardenoza,fcardenoza2o@behance.net,763 Huxley Park,Feedfish,4/28/1956
98,Gertrud,Dooley,gdooley2p@hostgator.com,792 Holy Cross Way,Viva,10/31/1955
99,Lorine,Adelman,ladelman2q@accuweather.com,416 Hagan Terrace,Centimia,10/29/1997
100,Nalani,Claxson,nclaxson2r@cafepress.com,4938 Cascade Lane,Oodoo,3/17/1970
101,Travis,Burn,tburn2s@ed.gov,073 Ridge Oak Center,Rhynoodle,1/21/1974
102,Rayshell,Autry,rautry2t@booking.com,0 Brickson Park Street,Zoombox,4/11/1950
103,Cathrine,Hirjak,chirjak2u@comcast.net,23289 Monterey Junction,Wordware,4/1/1992
104,Samantha,Ferriby,sferriby2v@e-recht24.de,80459 Cherokee Lane,Skivee,3/27/1985
105,Chris,Gummery,cgummery2w@goo.ne.jp,4 Annamark Way,Skyba,12/27/1986
106,Ellery,Pillman,epillman2x@home.pl,61 Orin Road,Bubblebox,1/27/1983
107,Antonie,Bagley,abagley2y@people.com.cn,3028 Grasskamp Way,Jaloo,11/21/1979
108,Jud,Lippo,jlippo2z@goo.gl,65837 Stang Trail,Minyx,5/12/1982
109,Minni,Cashley,mcashley30@ameblo.jp,302 Ludington Pass,Jaxbean,10/19/1986
110,Mathian,Bollis,mbollis31@tinyurl.com,42389 Melrose Plaza,Linklinks,9/18/1991
111,Pamela,Aberdein,paberdein32@sciencedaily.com,94726 Elka Court,Voolia,1/21/1962
112,Gilles,Tiffin,gtiffin33@usda.gov,920 Stuart Hill,Flipopia,12/2/1996
113,Jaime,Shires,jshires34@surveymonkey.com,1359 Cascade Avenue,Vinder,5/15/1989
114,Danila,O'Cahill,docahill35@wunderground.com,8485 Cambridge Place,Trilia,12/10/1972
115,Bobby,Beddall,bbeddall36@oaic.gov.au,973 Anniversary Parkway,Skyba,2/20/1984
116,Loy,Naile,lnaile37@freewebs.com,54184 Mendota Crossing,Skinder,2/1/1953
117,Gerty,Harrington,gharrington38@bigcartel.com,3 Lighthouse Bay Court,Reallinks,3/27/1990
118,Zia,Storrah,zstorrah39@arizona.edu,3838 High Crossing Court,Skyba,7/24/1957
119,Stephen,Lovell,slovell3a@thetimes.co.uk,42721 Fordem Point,Skiptube,8/9/1996
120,Wileen,Sallter,wsallter3b@phpbb.com,43437 Kropf Hill,Skalith,1/28/1957
121,Cyrillus,Kix,ckix3c@dailymotion.com,88276 Alpine Park,Youbridge,5/13/1999
122,Aharon,Schultz,aschultz3d@fotki.com,34416 Vera Plaza,Jabbertype,2/2/1983
123,Vanessa,Lackie,vlackie3e@yandex.ru,9078 Morrow Lane,Fliptune,6/5/1955
124,Rachel,Gannicott,rgannicott3f@nytimes.com,909 Vera Lane,Skyble,8/18/1983
125,Tedd,Cadd,tcadd3g@themeforest.net,86612 Armistice Center,Eazzy,5/14/1984
126,Minetta,Elloway,melloway3h@comsenz.com,59600 Lake View Way,Topicware,7/13/1963
127,Alice,Ravenshear,aravenshear3i@economist.com,099 Nancy Avenue,Meezzy,3/19/1978
128,Leonard,Pechacek,lpechacek3j@wiley.com,79112 Erie Court,Eare,5/12/1966
129,Karlen,Orchart,korchart3k@zimbio.com,0 Ridgeview Park,Fiveclub,10/16/1976
130,Simon,Hatliff,shatliff3l@taobao.com,2 Mariners Cove Plaza,Zoombeat,3/12/1959
131,Carny,Gunston,cgunston3m@yolasite.com,7 Derek Alley,Edgeify,8/15/1953
132,Morie,Clinnick,mclinnick3n@newsvine.com,6 Sullivan Court,Devbug,6/28/1985
133,Dela,Bertram,dbertram3o@tumblr.com,71903 Mayer Crossing,Dynazzy,9/5/1969
134,Janos,Bumfrey,jbumfrey3p@seattletimes.com,6 Continental Court,Nlounge,3/2/1972
135,Etti,Masterman,emasterman3q@scientificamerican.com,1315 Norway Maple Road,Youopia,3/12/1958
136,Helenka,Veness,hveness3r@google.nl,511 Aberg Circle,Brainverse,9/6/1978
137,Chevalier,Tearle,ctearle3s@elpais.com,3593 Walton Park,Jaxspan,8/21/1998
138,Sophi,Leser,sleser3t@google.ca,7822 Burrows Street,Yabox,5/16/1950
139,Robinette,Helbeck,rhelbeck3u@desdev.cn,02 Ridgeview Lane,Realcube,2/1/1989
140,Frannie,Angeau,fangeau3v@trellian.com,682 Eagle Crest Terrace,Jaloo,11/17/1950
141,Arni,Dedon,adedon3w@springer.com,7216 Carberry Hill,Oyondu,9/29/1992
142,Maribeth,Bratton,mbratton3x@hugedomains.com,70603 Heffernan Point,Skyba,12/12/1964
143,Cris,Keilty,ckeilty3y@yahoo.com,0851 Iowa Trail,Kimia,5/2/1973
144,Gorden,Mewton,gmewton3z@nasa.gov,3 Summerview Lane,Chatterbridge,9/2/1995
145,Querida,MacDwyer,qmacdwyer40@issuu.com,5410 Elgar Crossing,Rhyzio,7/7/1970
146,Lorette,Anstice,lanstice41@soup.io,5323 Judy Lane,Wordify,4/11/1992
147,Callean,Holston,cholston42@alexa.com,7 Clyde Gallagher Pass,Yodoo,9/20/1976
148,Una,Hindhaugh,uhindhaugh43@miitbeian.gov.cn,6784 Heath Pass,Skyvu,9/16/1969
149,Shell,Nares,snares44@tinyurl.com,78 Lunder Road,Quaxo,9/4/1967
150,Katrine,Brittian,kbrittian45@cnbc.com,099 Michigan Crossing,Jabbersphere,3/5/1968
151,Augustine,Cantero,acantero46@mashable.com,0299 Cody Place,Zoomdog,7/19/1953
152,Bertina,Tanzig,btanzig47@walmart.com,080 Tennyson Lane,Twiyo,5/12/1954
153,Felipe,Sydall,fsydall48@etsy.com,297 Moulton Street,Pixoboo,10/22/1986
154,Abdul,Greed,agreed49@unicef.org,980 Huxley Lane,Viva,1/9/1979
155,Virgil,Killelea,vkillelea4a@nsw.gov.au,548 Killdeer Pass,Jaloo,8/10/1955
156,Hyman,Henniger,hhenniger4b@smugmug.com,7 Columbus Point,Realmix,5/1/1976
157,Inez,Swafford,iswafford4c@wikia.com,55 Magdeline Street,Demimbu,8/23/1990
158,Nikoletta,Stinton,nstinton4d@php.net,54 Welch Junction,Wordify,4/22/1986
159,Keenan,Aves,kaves4e@nature.com,753 Buell Terrace,Lazzy,4/11/1971
160,Jenica,Metschke,jmetschke4f@godaddy.com,0 Stang Plaza,Meejo,9/12/1992
161,Rhody,Dibdin,rdibdin4g@alibaba.com,70500 Division Court,Zoonder,9/11/1950
162,Tabina,McLemon,tmclemon4h@patch.com,8392 Sachs Park,Chatterbridge,9/12/1963
163,Jaynell,Steward,jsteward4i@symantec.com,0933 Hooker Alley,Gabtune,2/28/1952
164,Shirley,Ianno,sianno4j@nydailynews.com,51439 Loftsgordon Alley,Fanoodle,5/22/1989
165,Herby,Youens,hyouens4k@sitemeter.com,22444 Bellgrove Avenue,Lazz,12/5/1977
166,Arlin,Powles,apowles4l@si.edu,5940 Old Gate Terrace,Kayveo,1/3/1968
167,Dasie,Trusdale,dtrusdale4m@vimeo.com,808 Waxwing Hill,Mydeo,10/26/1959
168,Mable,Latta,mlatta4n@mit.edu,6 Mosinee Lane,Mynte,1/31/1982
169,Cari,Bullivent,cbullivent4o@usgs.gov,6 Goodland Road,Aimbo,8/4/1965
170,Ed,Dautry,edautry4p@sciencedaily.com,8995 Lotheville Road,Dabvine,3/28/1987
171,Brock,McKilroe,bmckilroe4q@ox.ac.uk,01066 Rockefeller Drive,Aimbu,4/19/1958
172,Wilt,Smeall,wsmeall4r@chron.com,729 Macpherson Road,Rhyzio,6/2/1959
173,Rozalie,Knowlton,rknowlton4s@wiley.com,214 Meadow Vale Road,Youfeed,3/14/1976
174,Hillard,Challiner,hchalliner4t@newyorker.com,4 Hoard Point,Dynava,10/12/1986
175,Hanan,Vowels,hvowels4u@jigsy.com,0 Briar Crest Point,Plambee,1/28/1957
176,Siana,Claxson,sclaxson4v@spotify.com,8 Spaight Center,Shuffledrive,4/23/1958
177,Nancee,Sprowell,nsprowell4w@friendfeed.com,8 Buhler Terrace,Tagchat,10/10/1986
178,Leonhard,Graysmark,lgraysmark4x@businessinsider.com,8 Arrowood Terrace,Dynabox,12/9/1954
179,Valentin,Hallwood,vhallwood4y@friendfeed.com,43 Blackbird Road,Skiba,11/14/1999
180,Salomi,Larman,slarman4z@addtoany.com,8576 Summerview Road,Agimba,9/12/1986
181,Dill,Height,dheight50@newyorker.com,65839 Heath Drive,Mymm,9/22/1950
182,Adorne,Gannicott,agannicott51@de.vu,3552 Oxford Hill,Roomm,12/3/1981
183,Andy,Golbourn,agolbourn52@w3.org,8 Elka Court,Skimia,7/17/1963
184,Claudius,MacElholm,cmacelholm53@fotki.com,612 Almo Point,Voomm,5/28/1973
185,Damon,Severns,dseverns54@alibaba.com,265 Grayhawk Drive,Yakitri,7/18/1987
186,Cash,Leechman,cleechman55@irs.gov,7537 Hallows Circle,Cogidoo,12/9/1982
187,Adara,Rillett,arillett56@independent.co.uk,02280 Arizona Plaza,Brainverse,10/26/1996
188,Woodrow,Fellos,wfellos57@istockphoto.com,10 Gerald Drive,JumpXS,2/25/1968
189,Stephine,Trewinnard,strewinnard58@tinypic.com,495 Memorial Alley,Dabshots,6/22/1992
190,Lorenza,Levesley,llevesley59@photobucket.com,8101 Basil Avenue,Jatri,3/14/1973
191,Felizio,Le Sarr,flesarr5a@loc.gov,513 Mitchell Trail,Roombo,10/7/1990
192,Kasper,Fonso,kfonso5b@ca.gov,92 Gale Center,Kwinu,8/5/1950
193,Ase,Windsor,awindsor5c@blog.com,33 Kenwood Street,Yozio,1/8/1963
194,Merrili,Stefanovic,mstefanovic5d@earthlink.net,38737 Spenser Place,Edgeify,1/27/1986
195,Lilia,Butts,lbutts5e@fotki.com,2 Gale Plaza,Blogtag,9/19/1995
196,Randall,Cristoforo,rcristoforo5f@mac.com,10 Vera Crossing,Jetwire,7/25/1957
197,Gladys,Wasiel,gwasiel5g@go.com,10819 Columbus Alley,Twinder,5/10/1960
198,Norton,Lorroway,nlorroway5h@engadget.com,07 Scofield Crossing,Tambee,7/14/1973
199,Guglielmo,Mathes,gmathes5i@hexun.com,1 Transport Road,Yombu,10/19/1951
200,Antonietta,Tippett,atippett5j@hao123.com,570 Cambridge Place,Devshare,2/26/1990
201,Sibley,Wooler,swooler5k@theglobeandmail.com,568 Hanover Alley,Gigazoom,11/7/1994
202,Theressa,Caskey,tcaskey5l@myspace.com,37 Bluejay Trail,Gigaclub,4/4/1975
203,Bernhard,Westmerland,bwestmerland5m@slate.com,22 Spohn Parkway,Zoonder,3/27/1950
204,Hastie,Kobierra,hkobierra5n@skyrock.com,02 Magdeline Circle,Camido,5/28/1981
205,Antonietta,Pickthorn,apickthorn5o@angelfire.com,745 Burrows Pass,Dynazzy,10/8/1951
206,Rebe,Moscon,rmoscon5p@hostgator.com,2 Algoma Park,Twitternation,9/23/1959
207,Tallou,Boc,tboc5q@forbes.com,7460 Westerfield Center,Voonix,12/10/1980
208,Bran,Ley,bley5r@home.pl,0 Eggendart Avenue,Topdrive,11/17/1963
209,Barn,Nickoll,bnickoll5s@washington.edu,45 Paget Junction,Topiczoom,11/13/1962
210,Manya,Shickle,mshickle5t@slashdot.org,9817 Continental Circle,Layo,11/30/1957
211,Emmott,Champneys,echampneys5u@berkeley.edu,2 Gale Place,Divavu,11/13/1968
212,Fanchon,O'Criane,focriane5v@forbes.com,0438 Northridge Lane,Wikivu,1/9/1984
213,Janice,Huncoot,jhuncoot5w@usnews.com,46 Vahlen Pass,Nlounge,4/19/1983
214,Emmett,Ferry,eferry5x@youtube.com,34 Forster Plaza,Skivee,12/5/1963
215,Josselyn,Gadeaux,jgadeaux5y@cocolog-nifty.com,9004 Sunnyside Lane,Zazio,2/12/1969
216,Orelie,Baber,obaber5z@dagondesign.com,2611 Forster Point,Mycat,3/20/1998
217,Hamilton,Goman,hgoman60@smugmug.com,75 Bonner Road,Nlounge,3/13/1996
218,Gustavo,Raittie,graittie61@vk.com,796 Hudson Terrace,Skinder,11/23/1974
219,Quinta,Pharo,qpharo62@naver.com,394 6th Plaza,Kamba,6/26/1994
220,Brandy,Davidovsky,bdavidovsky63@slashdot.org,790 Memorial Avenue,Gabvine,5/29/1957
221,Teresita,Jimson,tjimson64@friendfeed.com,8 Spenser Road,Rhynyx,6/5/1954
222,Melli,Skeermer,mskeermer65@apple.com,034 Portage Parkway,Zoomdog,9/30/1974
223,Homerus,Maken,hmaken66@senate.gov,6920 Valley Edge Way,Twitterbeat,11/29/1978
224,Denis,Henworth,dhenworth67@storify.com,39 Oak Court,Twitterbeat,5/8/1992
225,Moore,McCalister,mmccalister68@topsy.com,9264 Oak Court,Skalith,6/19/1977
226,Anson,Kaplin,akaplin69@unblog.fr,2304 Erie Circle,Realpoint,6/3/1987
227,Papagena,Codner,pcodner6a@blogspot.com,808 Brown Avenue,Flipstorm,9/20/1950
228,Quincey,Schutter,qschutter6b@addtoany.com,35 Melrose Park,Topicstorm,1/3/1969
229,Harv,Videneev,hvideneev6c@unicef.org,4 Nevada Avenue,Trilith,4/6/1950
230,Vale,Matheson,vmatheson6d@theatlantic.com,81 Roth Circle,Wikibox,7/29/1962
231,Catharina,Gaitung,cgaitung6e@cnet.com,198 North Avenue,Gigaclub,11/7/1961
232,Imogen,Cordall,icordall6f@jimdo.com,1 Hintze Point,Bluejam,3/25/1989
233,Susanna,Claypoole,sclaypoole6g@infoseek.co.jp,0869 Oak Hill,Livefish,2/14/1963
234,Abbye,Ruoss,aruoss6h@prlog.org,8 Oxford Point,Kwinu,12/23/1986
235,Damita,Morais,dmorais6i@timesonline.co.uk,1 Ramsey Parkway,Yakitri,10/22/1989
236,Cynthie,Goodlet,cgoodlet6j@technorati.com,00 Novick Drive,Jetwire,11/18/1974
237,Care,McCluskey,cmccluskey6k@boston.com,03 Longview Lane,Pixoboo,6/13/1977
238,Nikolaus,Manwaring,nmanwaring6l@ovh.net,6 La Follette Way,Miboo,8/28/1951
239,Dinny,Gasken,dgasken6m@weebly.com,546 Coolidge Way,Pixonyx,12/3/1999
240,Norene,Buey,nbuey6n@sfgate.com,4905 Green Ridge Pass,Tanoodle,1/5/1980
241,Ariella,Tesdale,atesdale6o@weibo.com,1 Lake View Plaza,Realblab,11/18/1953
242,Hedwiga,Quillinane,hquillinane6p@linkedin.com,10131 John Wall Junction,Shuffledrive,12/28/1971
243,Malorie,Conneau,mconneau6q@wikimedia.org,68346 Lawn Trail,Flipopia,8/24/1988
244,Ema,Jardein,ejardein6r@ucoz.com,690 Carberry Circle,Photobug,5/17/1971
245,Berkley,Vannuccini,bvannuccini6s@linkedin.com,53 Waxwing Plaza,Edgeify,9/26/1983
246,Elli,MacIan,emacian6t@elegantthemes.com,842 Gulseth Pass,Aibox,7/22/1987
247,Oran,Currie,ocurrie6u@ifeng.com,52 Scofield Way,Voolith,5/24/1979
248,Thaddeus,Fidoe,tfidoe6v@cdc.gov,0640 Village Green Point,Skimia,11/20/1994
249,Candis,Regglar,cregglar6w@dailymail.co.uk,3 Surrey Street,Feedfish,5/30/1996
250,Eba,Petre,epetre6x@amazon.com,218 Nelson Point,Brainsphere,8/6/1955
251,Drake,Crevy,dcrevy6y@salon.com,7354 Northport Terrace,Jaxbean,1/28/1951
252,Maddi,Hookes,mhookes6z@epa.gov,5658 Eliot Road,Skipfire,10/24/1976
253,Darren,Loan,dloan70@dagondesign.com,695 Petterle Alley,Photobug,7/9/1973
254,Yoko,Giamitti,ygiamitti71@mapquest.com,740 Valley Edge Place,Jetpulse,8/11/1974
255,Brittan,Donnachie,bdonnachie72@telegraph.co.uk,06 Anderson Terrace,Mydo,4/22/1953
256,Cordell,Machon,cmachon73@deliciousdays.com,600 Rusk Park,Quinu,5/20/1956
257,Abbe,Sannes,asannes74@geocities.com,60 Maple Center,Plajo,7/8/1993
258,Morley,Miner,mminer75@tinyurl.com,41 Leroy Trail,Gigashots,3/1/1974
259,Webster,Bullcock,wbullcock76@tumblr.com,3 Colorado Terrace,Trupe,1/6/1955
260,Early,Wank,ewank77@bloglines.com,66153 Stuart Court,Devcast,6/4/1993
261,Jeromy,Skeat,jskeat78@umn.edu,973 Glacier Hill Terrace,Podcat,7/5/1955
262,Derrick,Rumble,drumble79@vimeo.com,7394 Forster Park,Bluezoom,10/11/1978
263,Madelaine,Rembrant,mrembrant7a@dropbox.com,203 Manufacturers Avenue,Skipfire,11/13/1988
264,Darill,Tyce,dtyce7b@homestead.com,83337 Pepper Wood Center,Buzzdog,3/27/1967
265,Archambault,Widdecombe,awiddecombe7c@dailymail.co.uk,715 Doe Crossing Place,Fanoodle,12/19/1955
266,Saudra,Whittall,swhittall7d@paypal.com,065 Carioca Road,Voolith,7/1/1970
267,Skipper,Horsey,shorsey7e@github.io,6738 Carioca Plaza,Zoomzone,11/18/1962
268,Andrea,Sneezum,asneezum7f@comcast.net,24772 Continental Plaza,Centizu,7/26/1980
269,Gill,Benjefield,gbenjefield7g@miibeian.gov.cn,7816 Cardinal Hill,Browsebug,5/20/1998
270,Cami,Sawfoot,csawfoot7h@ucsd.edu,332 Gina Alley,Tagpad,4/12/1988
271,Josefa,Mustill,jmustill7i@amazon.co.uk,5401 West Hill,Youtags,12/28/1961
272,Lin,Franzelini,lfranzelini7j@bloomberg.com,82287 Moose Park,Babbleset,11/19/1990
273,Clemmy,Androsik,candrosik7k@china.com.cn,76162 Trailsway Point,Brainbox,2/20/1979
274,Barnie,Tabour,btabour7l@feedburner.com,44166 Hooker Circle,Browseblab,5/2/1995
275,Raven,Bertenshaw,rbertenshaw7m@cmu.edu,1 Fairview Terrace,Bubbletube,9/15/1956
276,Lionello,Larderot,llarderot7n@storify.com,30 Melby Pass,Oodoo,1/28/1950
277,Rance,Cluse,rcluse7o@nature.com,4 Meadow Valley Point,Edgetag,8/23/1958
278,Janos,Govinlock,jgovinlock7p@macromedia.com,0230 Continental Drive,Flipbug,2/19/1977
279,Sutherland,Antusch,santusch7q@mit.edu,0 Meadow Vale Drive,Dabvine,6/18/1952
280,Vale,Baston,vbaston7r@tuttocitta.it,87120 Barby Drive,Photofeed,5/16/1995
281,Herbie,Trippack,htrippack7s@ustream.tv,9 Harbort Park,Feedspan,12/14/1961
282,Nikola,Sharphurst,nsharphurst7t@free.fr,0 Summit Place,Yamia,7/13/1953
283,Vilma,Kenwyn,vkenwyn7u@php.net,625 Clyde Gallagher Center,Tekfly,2/16/1981
284,Gerhardine,Milverton,gmilverton7v@geocities.com,828 Walton Point,Yombu,7/25/1975
285,Cornelia,Rathbourne,crathbourne7w@reddit.com,7949 Dwight Crossing,Browsecat,4/20/1964
286,Constantino,Jansen,cjansen7x@yale.edu,56 Green Ridge Center,Topicshots,3/29/1959
287,Leeanne,McKellar,lmckellar7y@princeton.edu,334 Loomis Lane,Eire,6/24/1968
288,Renee,Yeend,ryeend7z@bizjournals.com,19 Kings Court,Vitz,12/26/1965
289,Edna,Reasce,ereasce80@hp.com,36767 Blue Bill Park Circle,Meevee,2/28/1988
290,Howard,Kinker,hkinker81@patch.com,552 Cottonwood Center,Linktype,7/6/1973
291,Frasquito,Barlace,fbarlace82@indiegogo.com,385 Del Mar Junction,Photobug,6/25/1969
292,Fidel,Spinke,fspinke83@webnode.com,0175 Russell Place,Yodel,2/19/1969
293,Mattheus,Saddington,msaddington84@prnewswire.com,6404 Kensington Way,Devcast,5/23/1992
294,Vilhelmina,Imrie,vimrie85@nytimes.com,18 6th Park,Skilith,11/20/1955
295,Christina,Bresman,cbresman86@vk.com,18465 Spaight Avenue,Browseblab,5/2/1988
296,Denney,Emtage,demtage87@tinypic.com,90493 Leroy Avenue,Devpulse,12/14/1969
297,Fanchon,Reeds,freeds88@techcrunch.com,650 Express Place,Browsedrive,5/10/1990
298,Upton,Puddin,upuddin89@statcounter.com,0 Bashford Park,Yodo,1/4/1960
299,Jocelyne,Gurnett,jgurnett8a@chronoengine.com,94 Lake View Road,Zoonder,3/12/1956
300,Britta,Bellwood,bbellwood8b@telegraph.co.uk,00 Northwestern Way,Yadel,5/6/1973
301,Lynsey,Asbery,lasbery8c@livejournal.com,3 Mesta Parkway,Divape,4/12/1960
302,Wilone,Billyard,wbillyard8d@dion.ne.jp,533 Tomscot Street,Trilia,7/16/1978
303,Stacy,MacRonald,smacronald8e@eventbrite.com,99122 Kingsford Pass,Quimm,3/26/1974
304,Aldo,Gooble,agooble8f@github.io,2206 Kropf Hill,Podcat,6/8/1968
305,Vaughn,Glascott,vglascott8g@wufoo.com,8 Fremont Center,Gabtune,3/4/1974
306,Duff,Jennens,djennens8h@stumbleupon.com,81 Summer Ridge Trail,Gabcube,12/2/1992
307,Winfred,MacGrath,wmacgrath8i@pinterest.com,5 Milwaukee Street,Dablist,12/4/1961
308,Ravid,Ibbs,ribbs8j@psu.edu,8 Sherman Pass,Devshare,3/24/1986
309,Paola,Rodrigues,prodrigues8k@dyndns.org,0 Bowman Avenue,Jayo,1/28/1969
310,Nelie,Bisiker,nbisiker8l@weather.com,7348 Pleasure Park,Browsebug,3/19/1964
311,Godfrey,Ablitt,gablitt8m@mail.ru,4 Pepper Wood Plaza,Brainverse,4/18/1983
312,Roderich,Leggatt,rleggatt8n@businesswire.com,19879 Pond Hill,Brainverse,11/19/1959
313,George,Dannel,gdannel8o@ycombinator.com,903 Rowland Junction,Oyoyo,7/22/1983
314,Petey,Bulteel,pbulteel8p@tuttocitta.it,345 Annamark Parkway,Flipopia,7/29/1975
315,Cristi,Whewill,cwhewill8q@cbsnews.com,680 Oakridge Center,Yambee,10/15/1982
316,Nickolaus,Pawlicki,npawlicki8r@umn.edu,60660 Miller Road,Browseblab,3/11/1970
317,Layney,Westcot,lwestcot8s@stumbleupon.com,5101 Coolidge Hill,Linklinks,10/18/1994
318,Joshua,Eede,jeede8t@about.com,9259 Norway Maple Alley,Dazzlesphere,6/8/1954
319,Alina,Shyram,ashyram8u@geocities.jp,59 Drewry Lane,Gabtune,4/4/1980
320,Derrik,Ainsworth,dainsworth8v@va.gov,95365 Atwood Lane,Zoomzone,9/28/1997
321,Brit,Martino,bmartino8w@diigo.com,21898 Ludington Place,Buzzdog,12/12/1986
322,Dane,Crickmer,dcrickmer8x@dagondesign.com,53491 Hoffman Drive,Eire,12/4/1967
323,Melessa,Anthonsen,manthonsen8y@usa.gov,11 Becker Trail,Skinix,7/7/1961
324,Douglas,Konmann,dkonmann8z@ezinearticles.com,9074 Lillian Alley,Photolist,5/22/1962
325,Amargo,Timewell,atimewell90@miitbeian.gov.cn,54895 Clyde Gallagher Drive,Twitterlist,5/25/1998
326,Wally,Reardon,wreardon91@ucsd.edu,2435 Green Point,Feedfire,5/27/1960
327,Lawry,Linkie,llinkie92@chron.com,1309 Marquette Road,Trunyx,6/3/1973
328,Sile,Robichon,srobichon93@yahoo.co.jp,3 Bunting Lane,Meetz,7/27/1985
329,Max,Williment,mwilliment94@acquirethisname.com,90258 Heath Lane,Dabtype,11/20/1951
330,Jessalyn,Letham,jletham95@narod.ru,147 Clyde Gallagher Lane,Wikizz,1/7/1981
331,Cecilio,Odger,codger96@angelfire.com,827 Logan Circle,Izio,3/15/1982
332,Alon,Hiorn,ahiorn97@yale.edu,3 Scofield Pass,Talane,8/23/1995
333,Town,Yeoman,tyeoman98@creativecommons.org,191 Redwing Crossing,Twitterbridge,2/9/1976
334,Godart,Ambrogio,gambrogio99@skype.com,1 Packers Trail,Snaptags,10/8/1951
335,Tiphani,Gilhouley,tgilhouley9a@china.com.cn,07245 International Alley,Flipopia,11/7/1971
336,Claire,Stemson,cstemson9b@webeden.co.uk,5 Brickson Park Road,Devcast,8/13/1992
337,Wandie,Pirolini,wpirolini9c@hhs.gov,45469 Tony Trail,Wikido,3/7/1985
338,Frankie,Gogerty,fgogerty9d@booking.com,293 Meadow Vale Center,Voonte,8/25/1998
339,Evita,Bofield,ebofield9e@economist.com,3306 Shasta Point,Rhybox,6/11/1990
340,Adriana,Blakeborough,ablakeborough9f@ibm.com,6231 Logan Way,Thoughtworks,12/8/1984
341,Myles,Warden,mwarden9g@washingtonpost.com,20 Doe Crossing Court,Plajo,6/7/1993
342,Oswell,Crickmoor,ocrickmoor9h@diigo.com,12 Homewood Junction,Jaxspan,11/24/1992
343,Florida,Bramstom,fbramstom9i@twitpic.com,397 Waubesa Alley,Kamba,3/10/1983
344,Jackelyn,Bottlestone,jbottlestone9j@nature.com,14 Blaine Street,Nlounge,9/16/1980
345,Will,Downie,wdownie9k@narod.ru,28 Lakeland Road,Pixoboo,8/29/1994
346,Loutitia,Bogays,lbogays9l@ocn.ne.jp,63131 Weeping Birch Alley,Skyvu,3/7/1999
347,Ryun,Sirmon,rsirmon9m@baidu.com,2652 Knutson Plaza,Tagchat,8/23/1979
348,Cahra,Scardifeild,cscardifeild9n@mac.com,17 Redwing Lane,Topdrive,6/12/1968
349,Deva,Ruggier,druggier9o@unc.edu,55323 Namekagon Street,Dabtype,8/23/1992
350,Beryle,Babar,bbabar9p@pcworld.com,87 Canary Terrace,Divape,11/30/1967
351,Dorene,Scafe,dscafe9q@dailymotion.com,6 Vidon Street,Edgeblab,3/6/1998
352,Glori,Sedgeman,gsedgeman9r@telegraph.co.uk,8865 Northfield Crossing,Babbleset,7/7/1991
353,Alasteir,Found,afound9s@g.co,4 Union Center,Skibox,9/4/1952
354,Cinnamon,Trudgeon,ctrudgeon9t@privacy.gov.au,05914 Union Road,Leexo,1/3/1994
355,Iona,Aiers,iaiers9u@timesonline.co.uk,10986 Mosinee Hill,Avamm,7/22/1978
356,Elayne,Padson,epadson9v@ucoz.ru,270 Welch Place,Skippad,8/16/1979
357,Muriel,Morrott,mmorrott9w@usnews.com,4195 Trailsway Road,Kwilith,3/31/1953
358,Aurore,Loyley,aloyley9x@digg.com,98917 Dahle Avenue,Kanoodle,2/6/1977
359,Clark,Holehouse,cholehouse9y@statcounter.com,1 Bartelt Park,Skinder,5/12/1966
360,Corenda,Kinahan,ckinahan9z@nba.com,15 Bunker Hill Junction,Jabbercube,5/28/1964
361,Virginie,Cecil,vcecila0@nps.gov,52 Nova Court,Jabbercube,10/17/1959
362,Ken,Gillise,kgillisea1@1688.com,39432 Anniversary Drive,Kimia,3/8/1972
363,Rozalin,Tewkesberrie,rtewkesberriea2@cnn.com,1559 Hagan Center,Youopia,5/19/1984
364,Zak,Bertlin,zbertlina3@nhs.uk,52 Fallview Trail,Eamia,6/4/1957
365,Sabina,Eddis,seddisa4@tmall.com,547 Kingsford Parkway,Mydo,8/18/1995
366,Lily,Kenryd,lkenryda5@acquirethisname.com,103 Calypso Court,Jaxbean,12/15/1950
367,Lizzie,Hariot,lhariota6@google.es,687 Charing Cross Hill,Oyonder,11/16/1950
368,Cassaundra,Gisborne,cgisbornea7@mlb.com,781 Arapahoe Park,Livefish,4/24/1987
369,Abbot,Folkes,afolkesa8@reference.com,92094 Becker Park,Leenti,10/21/1970
370,Kylie,Skeermer,kskeermera9@360.cn,126 Center Drive,Voomm,6/8/1960
371,Euphemia,Dallander,edallanderaa@microsoft.com,4377 Blue Bill Park Alley,Buzzshare,10/7/1965
372,Beverlie,Casazza,bcasazzaab@kickstarter.com,24 Monument Hill,Geba,7/28/1983
373,Zachary,Mixter,zmixterac@washingtonpost.com,6750 Waywood Plaza,Jaxbean,9/11/1964
374,Wallis,Doram,wdoramad@g.co,5 Brickson Park Road,Roombo,4/18/1973
375,Kent,Schustl,kschustlae@reddit.com,3 Messerschmidt Street,Rhycero,6/17/1969
376,Archer,Carnduff,acarnduffaf@jalbum.net,540 Red Cloud Park,Camido,12/13/1959
377,Rickey,Triggel,rtriggelag@columbia.edu,2886 Everett Pass,Avamba,1/22/1991
378,Rani,Eastope,reastopeah@salon.com,0 Mendota Crossing,Skyndu,6/13/1993
379,Heath,Skillings,hskillingsai@arizona.edu,46637 Farragut Court,Vitz,4/12/1952
380,Hanson,Semmence,hsemmenceaj@mtv.com,638 Carioca Pass,Yoveo,5/14/1994
381,Brander,Read,breadak@youtu.be,15965 Sycamore Crossing,Livepath,10/14/1998
382,Kevon,Goscar,kgoscaral@constantcontact.com,0 Lighthouse Bay Point,Wikibox,4/3/1996
383,Bel,Linneman,blinnemanam@walmart.com,1203 Northport Avenue,Jabbersphere,12/18/1986
384,Whitney,Wogdon,wwogdonan@diigo.com,1 Merchant Road,Edgewire,1/10/1990
385,Flinn,Knight,fknightao@reverbnation.com,25680 Cardinal Point,Zoomdog,4/9/1993
386,Ailbert,Hayth,ahaythap@va.gov,85209 Marquette Parkway,Centimia,6/3/1964
387,Elmira,Giannazzi,egiannazziaq@smh.com.au,7816 Roxbury Plaza,Flashspan,2/16/1998
388,Blake,Dumphy,bdumphyar@craigslist.org,5 Lyons Center,Riffpath,4/22/1956
389,Kenton,Veque,kvequeas@nps.gov,557 Moose Avenue,Jetpulse,4/6/1973
390,Ninnette,Cisson,ncissonat@paginegialle.it,24944 Granby Way,Edgepulse,2/20/1974
391,Matteo,O'Garmen,mogarmenau@shareasale.com,1 Pierstorff Place,Livetube,11/25/1979
392,Scarlett,Vasyuchov,svasyuchovav@ovh.net,721 Becker Terrace,Ainyx,11/15/1957
393,Matilda,Kilsby,mkilsbyaw@purevolume.com,88090 Mitchell Way,Meeveo,10/17/1966
394,Ellette,Phetteplace,ephetteplaceax@wired.com,82719 Stephen Drive,Plambee,4/21/1959
395,Dre,Findon,dfindonay@jiathis.com,48453 Anhalt Circle,Zooxo,6/15/1955
396,Marcos,Swett,mswettaz@spotify.com,6649 Moulton Terrace,Wordware,4/8/1975
397,Iseabal,Demanche,idemancheb0@ameblo.jp,684 Kim Road,Kazu,1/16/1978
398,Georgiana,Ballin,gballinb1@soundcloud.com,3 Clove Trail,Tambee,5/31/1998
399,Thedrick,Dymond,tdymondb2@tinypic.com,3 Golf Course Park,Eazzy,9/4/1965
400,Artur,Hellyer,ahellyerb3@salon.com,7 Havey Place,Thoughtstorm,11/14/1967
401,Jamison,Bartlomiejczyk,jbartlomiejczykb4@amazon.com,0356 Macpherson Park,Babbleopia,2/1/1993
402,Mollee,Clackers,mclackersb5@disqus.com,87 Brickson Park Park,Oyope,4/22/1974
403,Danice,Kenealy,dkenealyb6@hud.gov,10047 Fairview Junction,Realpoint,3/28/1990
404,Almeda,Vannini,avanninib7@wunderground.com,14 Green Ridge Drive,Lazzy,2/6/1950
405,Haley,McAtamney,hmcatamneyb8@sun.com,2019 Kipling Plaza,Twitterbeat,1/26/1990
406,Kassie,Axton,kaxtonb9@multiply.com,7436 Chinook Court,Shufflebeat,8/28/1981
407,Niel,Booley,nbooleyba@shareasale.com,14209 Stephen Way,Realcube,10/16/1993
408,Reed,Farndon,rfarndonbb@histats.com,11 Oxford Lane,Meetz,10/21/1971
409,Aindrea,Elland,aellandbc@craigslist.org,97 Crownhardt Park,Thoughtbeat,7/11/1964
410,Phaedra,Brealey,pbrealeybd@imgur.com,77794 Di Loreto Place,Livetube,7/11/1982
411,Lisa,Cowill,lcowillbe@nationalgeographic.com,8604 Forest Road,Katz,8/14/1987
412,Lucien,Galer,lgalerbf@merriam-webster.com,67527 Fisk Plaza,Zoonoodle,2/4/1973
413,Reade,Bradshaw,rbradshawbg@google.com.hk,4 Bluejay Road,Realbridge,2/11/1971
414,Gil,Crossby,gcrossbybh@t.co,0 Harbort Court,Viva,7/15/1995
415,Major,Skilbeck,mskilbeckbi@weebly.com,90 Cordelia Hill,Roombo,3/11/1971
416,Keriann,Posselow,kposselowbj@google.de,6 Eliot Alley,Youspan,9/25/1963
417,Eugene,Gurery,egurerybk@eventbrite.com,85283 Bashford Alley,Eadel,10/1/1984
418,Edgard,Strelitz,estrelitzbl@shareasale.com,913 Elmside Circle,Jabbersphere,8/9/1979
419,Earvin,Hargrave,ehargravebm@cnn.com,432 Southridge Parkway,Centidel,4/11/1987
420,Casie,Mantz,cmantzbn@163.com,92448 East Alley,Geba,5/20/1986
421,Ada,McBoyle,amcboylebo@youtu.be,832 Basil Way,Viva,12/25/1956
422,Pascale,Gaylor,pgaylorbp@imdb.com,19901 Washington Plaza,LiveZ,4/1/1982
423,Brenda,Bavester,bbavesterbq@craigslist.org,9 Knutson Way,Podcat,1/17/1959
424,Jessy,Ipsly,jipslybr@constantcontact.com,46910 Canary Place,Fiveclub,5/17/1991
425,Naomi,Duell,nduellbs@ca.gov,738 Mockingbird Place,Brightdog,6/10/1954
426,Anderson,Keynd,akeyndbt@techcrunch.com,04082 Lien Circle,Yoveo,6/15/1959
427,Donnajean,Purselow,dpurselowbu@de.vu,2 Bunting Alley,Gigaclub,4/26/1955
428,Cobby,Makey,cmakeybv@imgur.com,25 Ridgeway Parkway,Blogspan,10/21/1999
429,Brucie,Donne,bdonnebw@google.pl,452 Sage Junction,Skimia,4/19/1988
430,Roobbie,Niblock,rniblockbx@so-net.ne.jp,8 Heath Parkway,Skyndu,10/11/1969
431,Zea,Lay,zlayby@wikipedia.org,98925 Scott Drive,Jamia,2/9/1973
432,Clive,Audrey,caudreybz@wired.com,13347 Mitchell Parkway,Flipbug,5/2/1951
433,Molly,Dagnall,mdagnallc0@berkeley.edu,62829 Moulton Street,Layo,1/20/1977
434,Merilyn,Woolstenholmes,mwoolstenholmesc1@cbslocal.com,19 Porter Hill,Jetwire,3/23/1989
435,Walden,Palatino,wpalatinoc2@tinypic.com,8364 Farwell Center,Jayo,6/7/1977
436,Chloris,Saltrese,csaltresec3@yellowpages.com,56849 Sunnyside Way,Babbleopia,6/14/1964
437,Lenka,Doget,ldogetc4@forbes.com,91 Sauthoff Street,Topicblab,5/22/1973
438,Alphard,Trippitt,atrippittc5@comsenz.com,77566 Hoffman Terrace,Babbleopia,5/22/1966
439,Jacob,Smurthwaite,jsmurthwaitec6@geocities.jp,3 Londonderry Avenue,Centidel,6/3/1966
440,Alain,Orto,aortoc7@usnews.com,29427 Ridgeview Avenue,Dabvine,2/5/1950
441,Cathie,Franklen,cfranklenc8@constantcontact.com,5773 Di Loreto Place,Agimba,3/10/1980
442,Wat,Binfield,wbinfieldc9@apache.org,506 Cottonwood Crossing,Dazzlesphere,5/12/1981
443,Richie,Swedeland,rswedelandca@bloglovin.com,8 Merchant Point,Leenti,11/5/1981
444,Wait,Rallin,wrallincb@oracle.com,0 Hazelcrest Pass,Kaymbo,11/8/1968
445,Madelina,Gueny,mguenycc@imgur.com,94 Gerald Way,Kamba,10/1/1975
446,Poul,McGivena,pmcgivenacd@jimdo.com,89 Jenifer Avenue,Jetwire,4/9/1954
447,Waylan,Marris,wmarrisce@sbwire.com,6 Upham Road,Centidel,4/16/1985
448,Justino,Moorey,jmooreycf@csmonitor.com,53 Larry Place,Zava,12/4/1988
449,Claretta,Lightbown,clightbowncg@printfriendly.com,6885 Morning Center,Yodo,6/15/1975
450,Angelique,Ortes,aortesch@list-manage.com,5293 Trailsway Alley,Realfire,6/12/1962
451,Drusilla,Giraudou,dgiraudouci@rediff.com,7270 Karstens Avenue,Rooxo,9/7/1995
452,Maurice,Mathers,mmatherscj@slideshare.net,972 Roth Pass,Avamm,2/8/1991
453,Licha,Mullis,lmullisck@nsw.gov.au,4 Algoma Crossing,Wikizz,5/18/1980
454,Stavro,Fanner,sfannercl@cloudflare.com,61 Bobwhite Junction,Realcube,5/25/1962
455,Rickert,Wane,rwanecm@arizona.edu,891 Bluejay Alley,Kimia,12/9/1976
456,Mira,Neiland,mneilandcn@sfgate.com,83822 Melrose Way,Bluezoom,12/30/1999
457,Esmaria,Shorland,eshorlandco@redcross.org,592 Maywood Drive,Myworks,2/16/1994
458,Jessey,Samples,jsamplescp@google.co.jp,399 American Ash Street,Skivee,5/9/1962
459,Francis,Cressey,fcresseycq@g.co,39 Crownhardt Avenue,Tanoodle,12/24/1972
460,Welsh,Currer,wcurrercr@flavors.me,93 South Center,Twitterlist,7/29/1990
461,Glen,Moorhead,gmoorheadcs@gravatar.com,3 Esch Alley,Innojam,10/26/1958
462,Sylvester,Carlan,scarlanct@acquirethisname.com,626 Cascade Park,Innotype,5/29/1984
463,Arlan,Wooddisse,awooddissecu@xinhuanet.com,091 Annamark Terrace,Photobug,2/24/1982
464,Lonny,McIlmurray,lmcilmurraycv@smh.com.au,877 Manitowish Pass,Dabfeed,2/29/1996
465,Olly,Morteo,omorteocw@1und1.de,86 Memorial Point,Talane,11/9/1956
466,Leonerd,Latore,llatorecx@e-recht24.de,278 Helena Court,Zoombeat,11/1/1985
467,Meryl,Whitfeld,mwhitfeldcy@nationalgeographic.com,95888 Thierer Road,Mymm,9/12/1973
468,Meggi,Rosgen,mrosgencz@weather.com,78930 Rusk Place,Mudo,5/23/1969
469,Matilde,Minihan,mminihand0@weebly.com,942 Heffernan Road,Agimba,5/31/1991
470,Allie,Firks,afirksd1@etsy.com,1 Anthes Drive,Oyope,1/4/1953
471,Web,Penhalurick,wpenhalurickd2@bravesites.com,0 Monterey Lane,Skyba,6/8/1951
472,Abby,Sorey,asoreyd3@google.co.jp,1814 Bunker Hill Junction,Trilia,3/7/1956
473,Daven,Kuhnert,dkuhnertd4@oracle.com,5661 Cordelia Parkway,Photobug,12/4/1969
474,Yuma,Tousey,ytouseyd5@nhs.uk,62 Fairview Place,Flipstorm,6/28/1985
475,Simone,Moger,smogerd6@phoca.cz,10805 Eastwood Lane,Cogilith,8/29/1955
476,Kinny,Sansome,ksansomed7@intel.com,909 Vera Hill,Devpulse,7/12/1962
477,Kippy,Kezourec,kkezourecd8@time.com,33 Valley Edge Street,Edgepulse,7/22/1982
478,Delcina,Luckett,dluckettd9@noaa.gov,02765 Warbler Junction,Mudo,12/11/1985
479,Hana,McVeighty,hmcveightyda@prlog.org,0 Sheridan Pass,Dabjam,11/23/1974
480,Bradford,Steabler,bsteablerdb@booking.com,293 Golf View Center,Minyx,8/25/1952
481,Gil,Althrope,galthropedc@usnews.com,2 Eastwood Drive,Jaxnation,5/31/1978
482,Edgar,de Aguirre,edeaguirredd@admin.ch,858 Debs Avenue,Zooxo,11/1/1966
483,Imojean,Clemett,iclemettde@nytimes.com,04711 Stephen Terrace,Kimia,10/21/1989
484,Myra,Blackly,mblacklydf@shutterfly.com,12485 Buena Vista Alley,Dablist,6/22/1966
485,Daryl,Flatt,dflattdg@amazon.co.jp,36383 Mccormick Street,Jaloo,11/5/1996
486,Hobey,Drinan,hdrinandh@privacy.gov.au,9 Lotheville Terrace,Divanoodle,2/15/1964
487,Kearney,Lanceley,klanceleydi@webnode.com,2 Northport Circle,Leexo,7/14/1950
488,Kat,Staterfield,kstaterfielddj@xinhuanet.com,704 Prentice Point,Flipstorm,12/24/1994
489,Carolina,Hannaford,channaforddk@noaa.gov,631 Arrowood Way,Agivu,11/10/1967
490,Tallie,Scotcher,tscotcherdl@4shared.com,3722 Pennsylvania Street,Midel,6/24/1971
491,Westley,McFfaden,wmcffadendm@reverbnation.com,2 Bowman Avenue,Realblab,6/7/1989
492,Nikolas,Kember,nkemberdn@google.ca,4 Ryan Place,Blogspan,1/3/1968
493,Annadiane,MacKnight,amacknightdo@globo.com,71212 Golf View Park,Thoughtworks,11/10/1991
494,Myrah,Beverley,mbeverleydp@360.cn,39038 Heath Pass,Quire,10/3/1985
495,Boris,Aikenhead,baikenheaddq@mozilla.org,7 Maple Parkway,Twitterlist,9/23/1955
496,Danit,Allmann,dallmanndr@sun.com,53200 8th Circle,Skynoodle,2/1/1953
497,Hank,Marham,hmarhamds@utexas.edu,282 Ohio Center,Dabshots,10/1/1957
498,Innis,Ingarfill,iingarfilldt@umn.edu,67520 Elka Park,Bluezoom,5/9/1972
499,Karlik,Povah,kpovahdu@de.vu,5 Kedzie Hill,Thoughtmix,4/20/1992
500,Filmer,Starbeck,fstarbeckdv@yandex.ru,8961 Calypso Avenue,Brainsphere,10/29/1996
501,Zeb,Neachell,zneachelldw@washingtonpost.com,8944 Cambridge Way,Yata,5/26/1975
502,Franklyn,Tabard,ftabarddx@aboutads.info,8349 Brickson Park Plaza,Twitterworks,6/9/1988
503,Adaline,Coy,acoydy@example.com,715 Warrior Point,Feedbug,4/8/1978
504,Goldina,Murden,gmurdendz@opera.com,6333 Browning Pass,Skipfire,12/19/1958
505,Mattie,Tolworth,mtolworthe0@theguardian.com,8 Barnett Park,Jabbercube,6/7/1981
506,Rufe,Teresa,rteresae1@cdbaby.com,38 American Ash Avenue,Jabberbean,7/23/1950
507,Diane,Kahan,dkahane2@unblog.fr,9441 Burning Wood Alley,Photofeed,2/14/1974
508,Ignace,Perocci,iperoccie3@amazon.com,79 Northwestern Hill,Abatz,2/23/1970
509,Randolph,Marsie,rmarsiee4@a8.net,4 Buhler Avenue,Livepath,6/17/1976
510,Deanne,Godball,dgodballe5@zimbio.com,5 Saint Paul Way,Jazzy,3/15/1961
511,Gena,Hedworth,ghedworthe6@slideshare.net,6 Novick Pass,Voomm,6/18/1968
512,Corena,Geeritz,cgeeritze7@ameblo.jp,49006 Dakota Junction,Roomm,5/1/1951
513,Marylynne,Stihl,mstihle8@amazon.de,3871 Mandrake Point,Quaxo,8/20/1977
514,Alfi,Bussons,abussonse9@kickstarter.com,1 Michigan Place,Kwideo,2/22/1998
515,Domingo,Dmitrichenko,ddmitrichenkoea@mozilla.com,43 Twin Pines Park,Twimm,4/13/1996
516,Kathlin,Ogelbe,kogelbeeb@theatlantic.com,1 Del Sol Point,Livetube,7/24/1972
517,Wilmette,Gronno,wgronnoec@hostgator.com,4118 Erie Parkway,Jabbercube,10/6/1973
518,Aleksandr,Fabbri,afabbried@elegantthemes.com,6315 Springs Pass,Zooveo,4/3/1967
519,Ash,Gibling,agiblingee@dmoz.org,7564 Sheridan Street,Meejo,9/18/1957
520,Kennie,Muldowney,kmuldowneyef@amazon.co.uk,4604 Northview Avenue,Chatterbridge,8/7/1989
521,Demeter,Mathelon,dmatheloneg@statcounter.com,453 Del Sol Avenue,Shufflebeat,12/22/1976
522,Kennett,Arrington,karringtoneh@livejournal.com,0747 Lawn Way,Trunyx,1/4/1963
523,Herc,Bierton,hbiertonei@stanford.edu,952 Mayfield Way,Abatz,6/1/1985
524,Laureen,Lydall,llydallej@huffingtonpost.com,14607 Boyd Crossing,Tagpad,8/25/1968
525,Fairfax,Petyakov,fpetyakovek@youtu.be,94038 Packers Avenue,Skalith,6/2/1959
526,Mathilde,Riche,mricheel@netlog.com,1167 Badeau Place,Aimbu,9/17/1966
527,Carree,Haizelden,chaizeldenem@hao123.com,3796 Moulton Road,Meedoo,9/6/1951
528,Rem,Esch,reschen@jigsy.com,943 American Terrace,Meedoo,1/24/1992
529,Remington,Cianni,rciannieo@ucoz.ru,023 Nova Trail,Dynazzy,4/10/1971
530,Catlin,Tampion,ctampionep@exblog.jp,9 Fieldstone Hill,Voomm,5/12/1962
531,Mahala,Peppett,mpeppetteq@trellian.com,011 Karstens Place,Quimm,10/24/1996
532,Flor,Isgar,fisgarer@tuttocitta.it,91 Northview Trail,Buzzbean,10/27/1981
533,Sauncho,Spring,sspringes@java.com,72 Spenser Point,Aimbu,2/25/1984
534,Benedick,Goulston,bgoulstonet@mediafire.com,614 Judy Alley,Avamm,4/22/1951
535,Jobi,Wadelin,jwadelineu@shop-pro.jp,10 Messerschmidt Avenue,Rhycero,1/7/1956
536,Filippa,De Roberto,fderobertoev@1688.com,6215 Warbler Terrace,Topicshots,9/4/1968
537,Skip,Alabastar,salabastarew@tinypic.com,88035 Schmedeman Junction,Buzzdog,11/8/1968
538,Alisun,Drezzer,adrezzerex@stanford.edu,9636 Nevada Circle,Vinder,5/8/1954
539,Sayers,Stringfellow,sstringfellowey@tinyurl.com,396 Westerfield Circle,Ainyx,6/22/1956
540,Andrey,Rouby,aroubyez@pcworld.com,10 Moulton Hill,Teklist,2/15/1986
541,Melloney,Kinsman,mkinsmanf0@salon.com,0925 Gina Plaza,Oyoloo,10/25/1991
542,Arne,Sinkins,asinkinsf1@ustream.tv,4 Sycamore Place,Yodo,7/26/1950
543,Marty,Catmull,mcatmullf2@twitpic.com,72 Drewry Trail,Tagcat,12/19/1989
544,Carroll,Stanex,cstanexf3@blogger.com,6191 Lawn Way,Yodoo,10/15/1997
545,Johnna,Winsborrow,jwinsborrowf4@ucsd.edu,0784 Buell Crossing,Divavu,7/18/1957
546,Cynthea,Ivankin,civankinf5@skyrock.com,67545 Walton Junction,Gevee,2/5/1956
547,Thurston,Brunicke,tbrunickef6@hatena.ne.jp,1436 Delaware Alley,Kazio,9/1/1980
548,Kevyn,Twycross,ktwycrossf7@whitehouse.gov,8 Erie Place,Zoomcast,3/30/1967
549,Foster,Mardell,fmardellf8@tripod.com,83059 Oneill Pass,Photobug,1/31/1999
550,Clevey,Treece,ctreecef9@cafepress.com,0 Petterle Place,Tagtune,5/12/1967
551,Lorraine,Chanson,lchansonfa@bandcamp.com,22 Hudson Parkway,Minyx,11/19/1958
552,Peirce,Luard,pluardfb@indiegogo.com,47598 Prentice Avenue,Wordtune,7/4/1998
553,Carney,Fernehough,cfernehoughfc@ucoz.com,6 Mendota Circle,Mydeo,1/11/1985
554,Dexter,Isenor,disenorfd@feedburner.com,38 Coleman Drive,Yamia,1/4/1993
555,Charlot,Muddle,cmuddlefe@cnn.com,94 Sloan Pass,Feedfish,9/15/1994
556,Traci,Myner,tmynerff@huffingtonpost.com,25 Atwood Crossing,Gabcube,11/7/1971
557,Evered,Elfitt,eelfittfg@wix.com,5931 Hauk Avenue,Zoomlounge,5/28/1972
558,Clyve,Hrishanok,chrishanokfh@epa.gov,1324 Eastwood Street,Wikizz,11/4/1965
559,Julissa,Doornbos,jdoornbosfi@businesswire.com,8 Kim Center,Ainyx,2/26/1981
560,Derick,Bollin,dbollinfj@phoca.cz,79252 Meadow Valley Lane,Wikivu,2/24/1955
561,Lorrin,Tedstone,ltedstonefk@cisco.com,5388 Anhalt Crossing,Realpoint,7/25/1961
562,Hedwig,Hainsworth,hhainsworthfl@vistaprint.com,34 Service Way,Jaxworks,4/12/1984
563,Bennett,Burford,bburfordfm@photobucket.com,3 Packers Road,Meedoo,10/20/1988
564,Rahal,Leverette,rleverettefn@census.gov,656 Chive Road,Livefish,5/10/1960
565,Packston,Crampsey,pcrampseyfo@telegraph.co.uk,90692 Bluestem Avenue,Innojam,11/18/1978
566,Christian,Divisek,cdivisekfp@dailymotion.com,4227 Drewry Center,Cogilith,5/16/1973
567,Tabbatha,Deakins,tdeakinsfq@usnews.com,9 Barby Terrace,Dablist,6/1/1973
568,Henka,Micklewicz,hmicklewiczfr@census.gov,627 Sunbrook Plaza,Gabcube,1/6/1997
569,Albertina,Lightwing,alightwingfs@weather.com,1 Coleman Parkway,Eidel,2/12/1994
570,Clemmy,Jacquemard,cjacquemardft@amazonaws.com,4893 Reindahl Crossing,Jazzy,10/26/1966
571,Hogan,Millam,hmillamfu@slate.com,7 Logan Street,Bubbletube,3/10/1997
572,Booth,Boldecke,bboldeckefv@i2i.jp,07 Roth Road,Dynava,3/27/1952
573,Dannie,Ernshaw,dernshawfw@taobao.com,3271 Logan Parkway,Demimbu,3/18/1950
574,Dan,Filon,dfilonfx@pen.io,11759 Stone Corner Street,Einti,7/24/1954
575,Toby,Goosnell,tgoosnellfy@dmoz.org,841 Crownhardt Plaza,Linktype,2/27/1959
576,Luca,O'Kieran,lokieranfz@creativecommons.org,24 Delladonna Trail,Katz,9/17/1955
577,Leslie,Hyett,lhyettg0@i2i.jp,9823 Westerfield Circle,Realpoint,10/10/1988
578,Beckie,Penkethman,bpenkethmang1@bravesites.com,19 Porter Terrace,Eamia,5/13/1974
579,Josephine,McClory,jmccloryg2@hostgator.com,5 Jenifer Avenue,Tazz,6/6/1950
580,Arnold,Demer,ademerg3@altervista.org,71409 Homewood Lane,Dablist,7/30/1963
581,Truda,Renfrew,trenfrewg4@si.edu,0 Memorial Avenue,Brightdog,8/4/1964
582,Harwell,Keepence,hkeepenceg5@about.me,37 Manley Crossing,Photolist,1/1/1984
583,Jolene,Petroulis,jpetroulisg6@marriott.com,176 Mccormick Avenue,Blogpad,11/24/1972
584,Opal,Witcherley,owitcherleyg7@phpbb.com,470 Michigan Parkway,Tazzy,2/5/1989
585,Thorvald,Cranston,tcranstong8@123-reg.co.uk,90499 Bowman Junction,Twitternation,7/28/1953
586,Mildred,Dun,mdung9@wunderground.com,6431 Comanche Lane,Meezzy,8/25/1955
587,Emelda,Arnaudot,earnaudotga@1und1.de,16834 Green Hill,Rhynoodle,7/20/1984
588,Talyah,Purcer,tpurcergb@digg.com,24979 Merchant Junction,Voonyx,10/23/1984
589,Engelbert,Chartre,echartregc@hostgator.com,82 Stone Corner Avenue,Thoughtblab,5/10/1985
590,Sholom,Darbon,sdarbongd@elegantthemes.com,6 Morning Center,Riffpedia,3/23/1975
591,Wanda,Beresfore,wberesforege@princeton.edu,49122 Basil Alley,Yakitri,12/18/1966
592,Phedra,GiacobbiniJacob,pgiacobbinijacobgf@etsy.com,825 Holmberg Trail,Cogibox,7/28/1992
593,Creight,Pearse,cpearsegg@prweb.com,3 Weeping Birch Parkway,Flashset,10/24/1980
594,Maritsa,Thirtle,mthirtlegh@adobe.com,89336 Wayridge Park,Ailane,3/26/1988
595,Elena,MacVagh,emacvaghgi@usnews.com,0 Cambridge Trail,Gevee,8/25/1977
596,Paula,Lockey,plockeygj@illinois.edu,96 Holy Cross Plaza,Livetube,12/28/1955
597,Talyah,Darbyshire,tdarbyshiregk@jimdo.com,3 Sundown Circle,Cogilith,5/8/1964
598,Carrissa,Hounsome,chounsomegl@163.com,6035 Sachtjen Street,Linkbridge,3/3/1972
599,Gordon,Vallintine,gvallintinegm@cafepress.com,4 Ramsey Way,Buzzster,4/9/1951
600,Myra,Condit,mconditgn@state.gov,16 Del Sol Place,Ozu,11/3/1953
601,Lancelot,Oosthout de Vree,loosthoutdevreego@histats.com,77 Fisk Lane,Rhybox,7/10/1978
602,Jodee,Hoofe,jhoofegp@weebly.com,1582 Lyons Terrace,Wikibox,11/3/1970
603,Addison,Boorne,aboornegq@economist.com,0682 La Follette Drive,Trudoo,2/27/1997
604,Michail,Karlicek,mkarlicekgr@altervista.org,542 Badeau Lane,Skinix,9/5/1968
605,Flori,Saker,fsakergs@livejournal.com,697 Ramsey Park,Twinder,5/8/1970
606,Tamma,MacClure,tmaccluregt@eepurl.com,85 Annamark Parkway,Zazio,3/31/1956
607,Claudio,Stirman,cstirmangu@nature.com,406 Hollow Ridge Avenue,Devify,2/6/1986
608,Joan,Font,jfontgv@harvard.edu,6433 Mitchell Pass,Skiba,12/4/1997
609,Cherin,Westman,cwestmangw@linkedin.com,529 Algoma Plaza,Devpulse,12/2/1957
610,Jenna,Lamke,jlamkegx@squarespace.com,4712 Packers Pass,Eazzy,6/16/1986
611,Janeczka,Hasselby,jhasselbygy@va.gov,9841 Hoffman Drive,Skibox,11/23/1962
612,Pat,Ginley,pginleygz@nifty.com,708 Merchant Lane,Eadel,7/24/1958
613,Vivie,Garrard,vgarrardh0@blogger.com,9478 Lakewood Gardens Junction,Twitternation,3/2/1964
614,Wyatan,Keough,wkeoughh1@google.com.hk,787 Bobwhite Parkway,Voonte,7/13/1974
615,Ottilie,Biner,obinerh2@dmoz.org,28795 Manufacturers Street,Skimia,5/12/1984
616,Merridie,Drogan,mdroganh3@a8.net,998 Oxford Lane,Voolith,3/19/1969
617,Lacy,Archdeckne,larchdeckneh4@ezinearticles.com,83 Stoughton Plaza,Realblab,8/23/1966
618,Georgia,Dudson,gdudsonh5@hexun.com,8 Portage Place,Vinte,5/20/1987
619,Jonah,Camden,jcamdenh6@mediafire.com,6680 Fairview Trail,Quire,4/12/1993
620,Zane,Wainwright,zwainwrighth7@geocities.jp,1 Morningstar Circle,Eare,9/29/1959
621,Bridget,Kibbey,bkibbeyh8@spotify.com,7 Rieder Avenue,Twitterwire,2/20/1981
622,Jilli,Mottram,jmottramh9@alexa.com,57315 Pearson Street,Skyvu,4/3/1951
623,Ivar,Hartburn,ihartburnha@wsj.com,8886 Carey Lane,Topiczoom,5/11/1953
624,Jefferson,Clooney,jclooneyhb@utexas.edu,97 Larry Center,Twiyo,4/28/1966
625,Vanny,Aris,varishc@statcounter.com,1655 Ridgeway Point,Trilia,4/29/1958
626,Traver,Alred,talredhd@nhs.uk,349 Anderson Park,Latz,6/2/1965
627,Else,Purrier,epurrierhe@nymag.com,09 Drewry Terrace,Skibox,11/2/1954
628,Shauna,Triggol,striggolhf@theglobeandmail.com,622 Swallow Parkway,Dabvine,4/5/1958
629,Turner,Biffen,tbiffenhg@ning.com,4 Birchwood Terrace,Kwideo,1/23/1977
630,Ethelbert,Cattroll,ecattrollhh@topsy.com,54 Dovetail Park,Twitterworks,11/3/1964
631,Benedetta,Bison,bbisonhi@edublogs.org,136 Delaware Crossing,Snaptags,4/15/1970
632,Gert,Beamiss,gbeamisshj@scientificamerican.com,9945 Clarendon Junction,Mudo,1/5/1959
633,Franciska,Zettoi,fzettoihk@columbia.edu,1 Kedzie Plaza,Brainlounge,8/10/1953
634,Cordy,Just,cjusthl@yale.edu,005 Gateway Pass,Yodo,11/6/1964
635,Del,Blazey,dblazeyhm@uiuc.edu,9 3rd Pass,Kwinu,5/3/1995
636,Maxie,Berick,mberickhn@google.it,51328 Gerald Center,Riffwire,9/8/1966
637,Isidore,Josskowitz,ijosskowitzho@kickstarter.com,38084 Amoth Point,Pixope,6/22/1970
638,Reinald,Franschini,rfranschinihp@wordpress.org,8279 Hoffman Way,Fivebridge,12/29/1951
639,Beryle,O'Kerin,bokerinhq@google.com.br,4 Sachs Way,Zoonoodle,8/16/1978
640,Nadia,Finnick,nfinnickhr@imdb.com,123 Division Circle,Zoovu,7/24/1970
641,Georgeanna,Olivello,golivellohs@ft.com,45161 Bashford Alley,Avavee,10/2/1987
642,Salvatore,Aysh,sayshht@usda.gov,67717 Dapin Terrace,Agivu,3/6/1992
643,Husain,Duxbarry,hduxbarryhu@linkedin.com,86504 Bartelt Center,Innojam,11/20/1967
644,Wilma,Neillans,wneillanshv@1688.com,62 Darwin Circle,Devbug,2/4/1962
645,Verine,Cordingley,vcordingleyhw@usnews.com,431 Fieldstone Alley,Meeveo,3/26/1979
646,Marget,Burde,mburdehx@hao123.com,9375 Mariners Cove Way,Podcat,4/11/1990
647,Koral,Dellenty,kdellentyhy@de.vu,45408 Reinke Lane,Edgepulse,4/16/1999
648,Aubine,Cliss,aclisshz@dailymail.co.uk,1 Stoughton Lane,Tanoodle,2/7/1990
649,Ellie,Harmston,eharmstoni0@elegantthemes.com,53070 Spenser Place,Tagchat,1/19/1961
650,Dinny,McArtan,dmcartani1@accuweather.com,7245 Lawn Avenue,Zoombeat,3/23/1964
651,Hildegaard,Casson,hcassoni2@google.fr,9609 Dexter Plaza,Jaxnation,10/29/1951
652,Leilah,Trewett,ltrewetti3@netscape.com,316 Surrey Junction,Wikivu,9/26/1980
653,Sergei,Itter,sitteri4@ted.com,60 Rusk Plaza,Topicshots,1/23/1985
654,Van,Urling,vurlingi5@si.edu,33 Heffernan Plaza,Youspan,8/30/1953
655,Delbert,Lapthorn,dlapthorni6@macromedia.com,6311 Elmside Place,Rhynoodle,11/13/1985
656,Olivette,Kennham,okennhami7@4shared.com,54 Hoffman Court,Dabtype,12/11/1965
657,Shandy,Haddow,shaddowi8@cafepress.com,8176 Thackeray Junction,Mybuzz,11/17/1984
658,Baxter,Hargie,bhargiei9@netlog.com,3 Myrtle Court,Twitterlist,4/3/1958
659,Frayda,Mullane,fmullaneia@bluehost.com,222 Burning Wood Lane,Mydeo,7/15/1985
660,Joni,Petschel,jpetschelib@storify.com,0 Killdeer Pass,Dablist,10/16/1976
661,Andi,Studdert,astuddertic@sun.com,33427 Cambridge Road,Oyoba,3/12/1976
662,Cletus,Johannesson,cjohannessonid@alibaba.com,741 Russell Drive,Ooba,2/16/1955
663,Godfry,Bosch,gboschie@imageshack.us,478 Walton Plaza,Layo,3/7/1963
664,Donella,Windless,dwindlessif@hud.gov,23765 Loftsgordon Street,Oyonder,10/30/1965
665,Huntley,Eilhart,heilhartig@blogs.com,2 Ohio Street,Flipbug,3/9/1969
666,Pavel,Gothard,pgothardih@state.tx.us,1897 Pepper Wood Lane,Oyoyo,10/26/1982
667,Danielle,Jewers,djewersii@goodreads.com,63940 Maryland Hill,Browsebug,1/8/1990
668,Alley,Isard,aisardij@angelfire.com,92 Pine View Point,Plambee,5/9/1965
669,Rivy,Jahndel,rjahndelik@nature.com,40210 Barnett Alley,Devify,8/23/1951
670,Bob,Hatliff,bhatliffil@nationalgeographic.com,951 Dovetail Crossing,Tagchat,8/13/1982
671,Aloise,Plumridge,aplumridgeim@reference.com,8 Crescent Oaks Terrace,Thoughtblab,8/10/1984
672,Felisha,Perrie,fperriein@epa.gov,5 Mallory Road,Edgeblab,3/18/1995
673,Yovonnda,Halpeine,yhalpeineio@amazon.co.jp,9065 Prairie Rose Trail,Meejo,10/18/1954
674,Viola,Pettie,vpettieip@cisco.com,6 Homewood Park,Aivee,8/1/1971
675,Neville,Lothlorien,nlothlorieniq@blinklist.com,5 Saint Paul Circle,Zoomcast,10/5/1964
676,Fredelia,Rumford,frumfordir@jugem.jp,965 Lerdahl Circle,Npath,6/16/1995
677,Casar,Bickerstaff,cbickerstaffis@ft.com,97 Clarendon Crossing,Zoozzy,11/20/1957
678,Raphael,Marchi,rmarchiit@ucsd.edu,5 Westend Drive,Jaxworks,1/17/1951
679,Kimbra,Ormiston,kormistoniu@ycombinator.com,443 Twin Pines Junction,Rhyzio,12/7/1953
680,Blake,Choak,bchoakiv@blogspot.com,501 Hauk Park,Twinte,12/28/1998
681,Afton,Cordeix,acordeixiw@dmoz.org,627 Mosinee Center,Plambee,6/2/1997
682,Agosto,Livingstone,alivingstoneix@ning.com,251 Sommers Drive,Centimia,6/23/1955
683,Maddi,Storcke,mstorckeiy@blog.com,55955 Carey Center,Feedfire,3/14/1983
684,Averyl,Trahearn,atrahearniz@rambler.ru,9076 Arkansas Street,Skyndu,3/23/1982
685,Thia,Jozwiak,tjozwiakj0@imageshack.us,5994 Burrows Terrace,Meejo,9/9/1986
686,Rolph,Chatelain,rchatelainj1@yellowpages.com,32808 Bluestem Trail,Skalith,9/26/1965
687,Quentin,Valentelli,qvalentellij2@spiegel.de,7 Kenwood Center,Quire,8/3/1966
688,Athena,Calyton,acalytonj3@canalblog.com,381 Dakota Place,Skibox,2/1/1953
689,Tisha,Smithe,tsmithej4@diigo.com,919 Kennedy Hill,Gabtune,11/23/1984
690,Stan,Sweed,ssweedj5@mac.com,7 Eggendart Terrace,Gigazoom,11/24/1982
691,Felix,Gheorghe,fgheorghej6@google.pl,2 Dexter Road,Twinte,2/4/1977
692,Cozmo,Hamlington,chamlingtonj7@slate.com,586 Saint Paul Point,Tagcat,11/4/1967
693,Peri,Aslin,paslinj8@tmall.com,41 Ronald Regan Lane,Rhybox,10/30/1965
694,Grata,Spaducci,gspaduccij9@nba.com,06044 Waxwing Hill,Mybuzz,3/14/1954
695,Valerie,Lucien,vlucienja@vk.com,41 Pine View Plaza,Babbleset,11/24/1989
696,Tressa,Mitchell,tmitchelljb@slideshare.net,344 Mayer Parkway,Eabox,1/10/1990
697,Melva,Haddock,mhaddockjc@qq.com,97190 Loomis Hill,Kamba,9/22/1987
698,Philip,Harmour,pharmourjd@wired.com,18 Express Lane,Rhynyx,6/26/1994
699,Garret,Eyers,geyersje@rakuten.co.jp,7 Dexter Court,Buzzshare,2/11/1952
700,Daron,Cromley,dcromleyjf@apple.com,55992 Harper Circle,Tagchat,4/27/1971
701,Aleece,Branton,abrantonjg@cafepress.com,21071 Miller Terrace,Skyndu,7/13/1991
702,Maurits,Rising,mrisingjh@dailymail.co.uk,62404 Westridge Crossing,Mynte,3/7/1958
703,Marylinda,Abramcik,mabramcikji@gizmodo.com,6 Thompson Park,Shuffletag,11/25/1990
704,Perry,Girone,pgironejj@alexa.com,779 Russell Road,Rhybox,6/22/1975
705,Krissy,Mumbey,kmumbeyjk@ihg.com,57 Karstens Street,Kwideo,2/27/1961
706,Riki,Bedwell,rbedwelljl@tripod.com,3 Carpenter Road,Cogilith,1/1/1972
707,Claudio,Sowrah,csowrahjm@usa.gov,53425 Pearson Circle,Skaboo,5/6/1989
708,Reg,Sleney,rsleneyjn@sciencedaily.com,7649 Acker Lane,Yodo,6/14/1994
709,Jermaine,Drover,jdroverjo@about.com,6 Di Loreto Road,Topicware,7/25/1991
710,Codi,Blanch,cblanchjp@nifty.com,7676 Barnett Park,Brainverse,7/17/1959
711,Leslie,Kleinplac,lkleinplacjq@posterous.com,35 Lotheville Terrace,Kwilith,4/2/1974
712,Shellie,Darmody,sdarmodyjr@google.co.jp,1551 Pierstorff Park,Zoomlounge,1/12/1964
713,Vic,Gilstoun,vgilstounjs@cisco.com,9784 Stephen Terrace,Meedoo,3/15/1977
714,Kahaleel,Phythean,kphytheanjt@whitehouse.gov,2067 Fremont Junction,Trunyx,4/17/1956
715,Ira,Raulstone,iraulstoneju@tinyurl.com,270 Esch Park,Pixope,1/27/1951
716,Inga,Jenoure,ijenourejv@networksolutions.com,902 Laurel Pass,Vimbo,7/5/1972
717,Merwyn,Brigg,mbriggjw@fema.gov,927 Lillian Junction,Edgeclub,7/6/1980
718,Patric,Howels,phowelsjx@list-manage.com,80186 Judy Parkway,Mycat,8/8/1997
719,Shandy,Svanini,ssvaninijy@360.cn,84 Kennedy Crossing,Jazzy,3/11/1967
720,Luis,De Few,ldefewjz@theglobeandmail.com,2 Esch Court,Yakidoo,6/12/1994
721,Maybelle,Thredder,mthredderk0@psu.edu,1 Roxbury Lane,Cogidoo,10/27/1993
722,Min,Scola,mscolak1@histats.com,430 Bartillon Lane,Voolia,7/21/1957
723,Sandie,Dudhill,sdudhillk2@ycombinator.com,46 Waxwing Lane,Dabtype,9/15/1994
724,Daile,Reddin,dreddink3@cnbc.com,205 Cardinal Drive,Twinder,12/25/1974
725,Lishe,Urridge,lurridgek4@netscape.com,368 Rutledge Circle,Riffpedia,7/30/1965
726,Anica,Scadden,ascaddenk5@independent.co.uk,3998 Di Loreto Park,Quimba,5/26/1963
727,Terrance,Thoumas,tthoumask6@alexa.com,36445 Schiller Court,Rhycero,9/13/1966
728,Mahmoud,Petersen,mpetersenk7@networksolutions.com,9 Sloan Park,Yadel,1/28/1968
729,Fredi,Dossantos,fdossantosk8@alibaba.com,918 Di Loreto Circle,Dabjam,7/10/1981
730,Giavani,Luckman,gluckmank9@elegantthemes.com,98 Springs Drive,Twiyo,11/2/1970
731,Geraldine,Dyos,gdyoska@illinois.edu,751 Harbort Lane,Divanoodle,1/22/1985
732,Elaine,Brunstan,ebrunstankb@intel.com,20 Dovetail Way,Aivee,2/4/1971
733,Felike,Le Merchant,flemerchantkc@barnesandnoble.com,70449 Kropf Alley,Skinder,1/20/1964
734,Adriaens,Morby,amorbykd@hud.gov,9 Loeprich Hill,Leenti,1/4/1991
735,Caroline,Dolman,cdolmanke@google.cn,3496 Oak Valley Center,Oyoba,6/11/1981
736,Desiri,Bennitt,dbennittkf@independent.co.uk,1 Hallows Road,Shufflebeat,5/21/1988
737,Biron,Mably,bmablykg@about.com,2540 Katie Center,Feedspan,6/20/1972
738,Twila,Glynne,tglynnekh@studiopress.com,84 Mayfield Road,Devcast,4/22/1954
739,Beau,Stag,bstagki@behance.net,3698 Chinook Junction,Meembee,2/27/1984
740,Reece,Cron,rcronkj@alibaba.com,97 Crownhardt Circle,Twitterwire,3/27/1971
741,Werner,Tolliday,wtollidaykk@macromedia.com,45 Killdeer Circle,Jabberstorm,2/6/1979
742,Diann,Drohun,ddrohunkl@youtube.com,7 Lyons Way,Oodoo,8/9/1975
743,Carlota,Dallmann,cdallmannkm@mapquest.com,48 Anhalt Pass,Browsezoom,11/16/1991
744,Garland,Ribeiro,gribeirokn@hugedomains.com,9317 Kings Pass,Leexo,12/12/1961
745,Chrysler,Cooper,ccooperko@amazon.com,8 Cottonwood Alley,Cogidoo,8/18/1951
746,Selie,Lowrie,slowriekp@phoca.cz,379 Lindbergh Circle,Lazzy,8/21/1961
747,Ulrike,Gaze,ugazekq@mapquest.com,6478 Eastwood Avenue,Skyvu,12/1/1979
748,Goldarina,Crudginton,gcrudgintonkr@huffingtonpost.com,5 Warbler Avenue,Realcube,1/22/1985
749,Carilyn,Gwin,cgwinks@zimbio.com,4147 Mcguire Hill,Devify,11/30/1967
750,Marsh,Thunder,mthunderkt@bloomberg.com,23595 Marquette Alley,Youtags,3/14/1963
751,Hagan,Johns,hjohnsku@geocities.jp,7617 Kennedy Place,Innojam,1/4/1980
752,Shurlocke,Fydoe,sfydoekv@walmart.com,2208 Oak Valley Lane,Innojam,6/9/1981
753,Gaston,Waslin,gwaslinkw@wordpress.com,8429 Dunning Road,Kimia,10/15/1951
754,Kassie,Warry,kwarrykx@msu.edu,360 Sunnyside Place,Voonyx,12/14/1992
755,Franklyn,Partner,fpartnerky@nih.gov,5 Victoria Lane,Babblestorm,8/12/1982
756,Tamas,Aleksidze,taleksidzekz@buzzfeed.com,724 Schurz Road,Skinix,10/12/1989
757,Lyda,Spradbery,lspradberyl0@wsj.com,69939 Gulseth Park,Jabbercube,9/23/1995
758,Louisette,Btham,lbthaml1@deviantart.com,59017 Colorado Park,Gevee,11/2/1996
759,Agneta,Bagworth,abagworthl2@dell.com,67612 East Place,Quimm,10/28/1969
760,Karlen,Bradshaw,kbradshawl3@sogou.com,11516 Sunnyside Parkway,Tanoodle,11/26/1954
761,Saul,Muspratt,smusprattl4@npr.org,03541 International Terrace,Pixoboo,2/11/1953
762,Goddart,Hucquart,ghucquartl5@google.com.hk,38709 Crownhardt Alley,Skipstorm,4/15/1962
763,Mata,Ayrs,mayrsl6@ed.gov,29536 Caliangt Place,Edgeblab,9/29/1991
764,Lona,Landy,llandyl7@seesaa.net,7 Northview Hill,Centimia,9/6/1962
765,Storm,Fransinelli,sfransinellil8@weather.com,500 Oxford Plaza,Kare,12/26/1970
766,Mureil,Corroyer,mcorroyerl9@dailymotion.com,21 Northridge Junction,Mynte,2/20/1960
767,Hali,Bewshea,hbewsheala@sina.com.cn,602 Welch Lane,Photolist,12/14/1989
768,Renell,Philp,rphilplb@marketwatch.com,66 Old Gate Park,Feedmix,9/23/1965
769,Sofie,Ellsom,sellsomlc@networksolutions.com,893 Hovde Court,Fadeo,5/18/1957
770,Fannie,Devorill,fdevorillld@businesswire.com,33655 David Road,Rhyloo,2/25/1959
771,Shelli,Ronald,sronaldle@twitter.com,38 Caliangt Hill,Dabfeed,3/5/1996
772,Dannel,Byfield,dbyfieldlf@europa.eu,7536 Jackson Avenue,Dazzlesphere,2/17/1994
773,Bliss,Hawk,bhawklg@example.com,85964 Crownhardt Street,Twitterlist,5/24/1953
774,Silvan,Fernandes,sfernandeslh@tuttocitta.it,5 2nd Street,Cogidoo,2/2/1956
775,Emmi,Kirtland,ekirtlandli@mac.com,6 Summer Ridge Alley,Mita,3/19/1952
776,Suzette,Whifen,swhifenlj@samsung.com,097 Briar Crest Crossing,Skaboo,3/9/1990
777,Johnathan,Hardwell,jhardwelllk@t-online.de,34668 3rd Junction,Fanoodle,2/15/1961
778,Priscella,Caygill,pcaygillll@sciencedirect.com,4905 Eagle Crest Way,Youspan,11/9/1952
779,Cathe,Flute,cflutelm@nyu.edu,2 Menomonie Road,Youopia,2/7/1971
780,Bibbye,Cornillot,bcornillotln@tinyurl.com,34217 Knutson Center,Realbuzz,10/8/1963
781,Francois,Bartlet,fbartletlo@cdbaby.com,61291 Memorial Circle,Voonte,7/16/1977
782,Kaia,Josilowski,kjosilowskilp@addtoany.com,917 Nobel Road,Wikizz,6/2/1987
783,Madlin,Joynes,mjoyneslq@quantcast.com,0287 Dakota Junction,Vimbo,7/13/1961
784,Minnaminnie,Yakobovitz,myakobovitzlr@imgur.com,9 Judy Terrace,Centizu,3/21/1986
785,Udale,Burlingame,uburlingamels@dropbox.com,4244 Columbus Court,Browsezoom,1/21/1959
786,Merle,Bellefonte,mbellefontelt@bbb.org,8 Upham Street,Demivee,5/3/1964
787,Milicent,Treffry,mtreffrylu@vistaprint.com,2312 Sommers Center,Twinte,5/16/1990
788,Kerrill,Pawling,kpawlinglv@slideshare.net,4 North Lane,Yombu,4/13/1995
789,Alard,Mound,amoundlw@tmall.com,978 Leroy Lane,Oyondu,5/10/1978
790,Natassia,Davidman,ndavidmanlx@economist.com,1 Continental Crossing,Gabtune,1/19/1964
791,Rudolf,Breckenridge,rbreckenridgely@yandex.ru,44 Spaight Terrace,Skinix,9/25/1951
792,Sibyl,Gilhespy,sgilhespylz@usa.gov,8 Calypso Plaza,Blogtags,1/12/1954
793,Stanfield,Santacrole,ssantacrolem0@cam.ac.uk,4 Jay Pass,Jabberstorm,11/7/1964
794,Maurine,MacCaughan,mmaccaughanm1@unc.edu,7153 Larry Plaza,Meezzy,2/22/1981
795,Bealle,Stuckley,bstuckleym2@freewebs.com,49884 Delaware Crossing,Centizu,11/13/1977
796,Yolande,Sharrocks,ysharrocksm3@symantec.com,10 Northwestern Way,Feedmix,12/20/1977
797,Samaria,Kilkenny,skilkennym4@howstuffworks.com,3504 Ridge Oak Alley,Skynoodle,8/28/1984
798,Laurie,Warrender,lwarrenderm5@japanpost.jp,80 Walton Trail,Quamba,5/22/1958
799,Orlando,Headings,oheadingsm6@abc.net.au,82559 Westend Lane,Skinte,8/18/1961
800,Vite,Eastridge,veastridgem7@blogs.com,9656 Knutson Court,Dynabox,7/12/1951
801,Cherish,Fitzhenry,cfitzhenrym8@blogspot.com,2 Village Green Road,Twitternation,5/6/1983
802,Linet,Munday,lmundaym9@4shared.com,22 Nancy Avenue,Buzzshare,4/22/1980
803,Lydie,Lerigo,llerigoma@china.com.cn,5540 Onsgard Plaza,Realmix,10/9/1982
804,Abbie,Burkett,aburkettmb@yolasite.com,18516 Goodland Crossing,InnoZ,5/15/1977
805,Alvan,Canizares,acanizaresmc@economist.com,44687 Glendale Park,Skyba,9/18/1967
806,Ermengarde,Farney,efarneymd@histats.com,630 Jenna Parkway,Yamia,11/12/1994
807,Lin,Classen,lclassenme@sogou.com,84531 Village Green Center,Fivechat,6/6/1973
808,Jaynell,Andrzejewski,jandrzejewskimf@liveinternet.ru,4994 Valley Edge Junction,Thoughtworks,5/15/1963
809,Emera,Lob,elobmg@ezinearticles.com,052 Roth Junction,Flipbug,7/2/1953
810,Hamish,Lomas,hlomasmh@princeton.edu,4 Claremont Terrace,Yambee,5/2/1982
811,Sharity,Cettell,scettellmi@squidoo.com,098 Maryland Point,Skiptube,10/17/1997
812,Murielle,Heyworth,mheyworthmj@squidoo.com,5 Bunting Avenue,Zoonoodle,10/31/1956
813,Carolyn,Cornau,ccornaumk@boston.com,21 Dixon Avenue,Youopia,5/16/1958
814,Reagen,Bedow,rbedowml@guardian.co.uk,084 Dahle Plaza,Realbuzz,7/13/1997
815,Homere,Coopper,hcooppermm@a8.net,4 Atwood Terrace,Janyx,6/11/1995
816,Lonni,Weatherburn,lweatherburnmn@lycos.com,33 Twin Pines Crossing,Meemm,3/4/1986
817,Bendix,Gypps,bgyppsmo@twitter.com,9 Bluejay Point,Thoughtstorm,7/7/1963
818,Aleta,Shurmore,ashurmoremp@cdbaby.com,110 Loomis Place,Trudeo,8/20/1965
819,Vinny,Lisciandri,vlisciandrimq@miibeian.gov.cn,2 Alpine Drive,Brightbean,9/11/1979
820,Winna,Siderfin,wsiderfinmr@51.la,2967 Northfield Way,Eidel,7/6/1986
821,Bambie,Castleman,bcastlemanms@nih.gov,1396 Crest Line Trail,Zooveo,1/14/1999
822,Pyotr,Wreight,pwreightmt@csmonitor.com,09599 Hanson Trail,Youfeed,2/19/1989
823,Luise,Mockler,lmocklermu@fema.gov,9723 Riverside Pass,Babbleopia,8/13/1955
824,Pennie,Ropkes,propkesmv@angelfire.com,318 Sugar Avenue,Yadel,5/6/1960
825,Miltie,Shard,mshardmw@tinyurl.com,41371 Browning Parkway,Skajo,12/7/1971
826,Candie,Rosten,crostenmx@hp.com,33100 6th Center,Yamia,1/18/1973
827,Findlay,Akess,fakessmy@gov.uk,5660 Badeau Place,Browsebug,11/20/1966
828,Claiborn,Wildber,cwildbermz@skype.com,5 Springview Trail,Meetz,12/13/1991
829,Carmelle,Bowe,cbowen0@redcross.org,192 Mesta Point,Oloo,2/6/1953
830,Zorine,Pacitti,zpacittin1@comcast.net,6584 Columbus Point,Jayo,12/16/1993
831,Alejandrina,Ferenczi,aferenczin2@google.pl,3233 Holy Cross Lane,Flashspan,1/13/1954
832,Lishe,Wohlers,lwohlersn3@hc360.com,489 Hudson Plaza,Zoomlounge,10/18/1987
833,Hi,Tranmer,htranmern4@europa.eu,3 Clove Road,Zoomdog,3/17/1975
834,Neda,Henrych,nhenrychn5@so-net.ne.jp,37276 Eagle Crest Point,Wordware,5/11/1962
835,Obadiah,Louche,olouchen6@github.com,5123 Corben Court,Centizu,1/26/1972
836,Sherline,Neathway,sneathwayn7@shareasale.com,259 Grim Center,Shuffletag,5/8/1953
837,Terri-jo,Herrema,therreman8@gmpg.org,09927 Pankratz Point,DabZ,10/13/1995
838,Jock,Boanas,jboanasn9@themeforest.net,03 Troy Junction,Trilith,7/25/1985
839,Allie,Girault,agiraultna@wunderground.com,45 Cambridge Place,Skaboo,8/22/1973
840,Karilynn,Coneley,kconeleynb@alexa.com,850 Scofield Plaza,Gigaclub,3/13/1980
841,Rennie,Sisley,rsisleync@livejournal.com,03607 Eastlawn Point,Gabcube,11/26/1963
842,Thoma,Kiebes,tkiebesnd@dyndns.org,23234 Emmet Trail,Roombo,7/12/1956
843,Zack,Wickrath,zwickrathne@w3.org,832 Veith Point,Centizu,4/14/1990
844,Ethel,Faraker,efarakernf@tiny.cc,9891 Golf Circle,Mymm,1/20/1992
845,Sarina,Inns,sinnsng@amazon.com,52416 Eastlawn Pass,Chatterbridge,7/26/1972
846,Lise,Dutch,ldutchnh@wisc.edu,005 Holmberg Junction,Meembee,7/20/1956
847,Valenka,Poulgreen,vpoulgreenni@hhs.gov,983 Kinsman Alley,Avamm,8/10/1973
848,Malanie,Duffett,mduffettnj@drupal.org,17695 Towne Center,Zoombeat,6/14/1968
849,Brittaney,Ogden,bogdennk@un.org,939 Annamark Plaza,Brightdog,10/21/1972
850,Jenn,Grebner,jgrebnernl@pinterest.com,83700 School Alley,Zoombox,1/16/1991
851,Kirbie,Selbach,kselbachnm@ehow.com,7 Columbus Trail,Wikizz,6/30/1952
852,Briano,Eary,bearynn@chicagotribune.com,37123 Sundown Hill,Wikibox,2/11/1961
853,Marcos,Kaemena,mkaemenano@live.com,12 Fisk Crossing,Tanoodle,12/29/1974
854,Arlena,Barabisch,abarabischnp@loc.gov,60 Waubesa Crossing,Wikido,8/19/1953
855,Isabel,Hubbock,ihubbocknq@statcounter.com,1616 Prentice Plaza,Roomm,9/15/1987
856,Ruthi,O' Brian,robriannr@timesonline.co.uk,42490 Hansons Plaza,Fiveclub,10/23/1966
857,Cyrus,Karys,ckarysns@ed.gov,57376 Corben Point,Yodel,9/6/1983
858,Adriano,Haselgrove,ahaselgrovent@github.com,22 Farragut Drive,Youspan,3/26/1952
859,Sigfried,Fyers,sfyersnu@exblog.jp,13 American Ash Place,Jabbersphere,3/16/1962
860,Millard,Killwick,mkillwicknv@lulu.com,2 Vernon Lane,Flashspan,4/10/1960
861,Norbert,Sykora,nsykoranw@mlb.com,8493 Sullivan Street,Wikizz,2/25/1953
862,Brucie,Salomon,bsalomonnx@craigslist.org,0091 Anhalt Place,LiveZ,6/30/1985
863,Wallis,Laraway,wlarawayny@4shared.com,627 Declaration Point,Bluezoom,2/6/1952
864,Collen,Kuschel,ckuschelnz@nydailynews.com,6 Susan Place,Skinder,1/13/1968
865,Emmy,McKerlie,emckerlieo0@unesco.org,881 Dwight Plaza,Yozio,8/26/1954
866,Hank,O'Hederscoll,hohederscollo1@t.co,581 Eggendart Terrace,Tagcat,7/19/1953
867,Carlina,Antonnikov,cantonnikovo2@illinois.edu,272 Anniversary Plaza,Jaxworks,10/2/1972
868,Seumas,Lemar,slemaro3@plala.or.jp,540 Dottie Plaza,Innojam,5/10/1969
869,Filbert,Ramme,frammeo4@hc360.com,19899 Melody Circle,Zoombeat,1/30/1981
870,Wake,Philippou,wphilippouo5@msu.edu,98161 Pine View Place,Meevee,1/18/1977
871,Jaquenetta,Garatty,jgarattyo6@nps.gov,07784 Hansons Alley,Babblestorm,6/22/1966
872,Yvon,Sokill,ysokillo7@ihg.com,175 Clyde Gallagher Lane,Demimbu,6/6/1971
873,Liza,Walden,lwaldeno8@is.gd,7 Fairview Pass,Gabtune,4/29/1962
874,Lacy,Pavinese,lpavineseo9@ibm.com,19995 Elka Plaza,Twimbo,7/5/1958
875,Lorenzo,Meaking,lmeakingoa@meetup.com,3 Corben Park,Mynte,11/29/1961
876,Stesha,Kalb,skalbob@acquirethisname.com,8021 School Pass,Oyonder,2/16/1977
877,Olia,Peffer,opefferoc@businessinsider.com,17 Dexter Park,Yodo,9/29/1951
878,Abbey,Mansour,amansourod@paypal.com,01 Mitchell Street,Voolia,1/10/1963
879,Lodovico,Clemmow,lclemmowoe@parallels.com,89 American Hill,Aivee,12/9/1992
880,Phil,Mecco,pmeccoof@abc.net.au,14542 Mayer Avenue,Jabberstorm,4/27/1971
881,Ettie,Coveney,ecoveneyog@vk.com,72237 Hudson Alley,Roomm,9/6/1962
882,Raimundo,Feake,rfeakeoh@istockphoto.com,6 Meadow Valley Alley,Zoombeat,2/17/1995
883,Brad,Mordaunt,bmordauntoi@cafepress.com,166 Cody Road,Zoombox,10/4/1969
884,Dottie,Giorgioni,dgiorgionioj@narod.ru,0318 Corscot Avenue,Bubblemix,3/15/1954
885,Sheila,Courtois,scourtoisok@zimbio.com,4783 Holmberg Center,Centidel,2/22/1980
886,Esmeralda,Schankelborg,eschankelborgol@mapquest.com,3538 Oneill Terrace,Zoovu,3/3/1958
887,Sydel,Sola,ssolaom@wordpress.org,3 Stephen Hill,Avamba,9/16/1967
888,Rhianon,Slocket,rslocketon@yelp.com,77446 Waxwing Street,Kazu,8/8/1966
889,Hurlee,Bockmann,hbockmannoo@wufoo.com,02552 Moulton Trail,Abatz,1/29/1970
890,Clerkclaude,Krolle,ckrolleop@samsung.com,7222 Myrtle Terrace,Meevee,11/27/1972
891,Grace,Whitcombe,gwhitcombeoq@sogou.com,9296 Lotheville Way,Leenti,2/22/1988
892,Tess,Le Port,tleportor@ed.gov,7005 Anzinger Point,Yabox,5/4/1972
893,Ardith,Driver,adriveros@mac.com,92725 Eagle Crest Avenue,Meemm,6/9/1983
894,Holden,Pere,hpereot@usatoday.com,5 Northwestern Terrace,Zoonder,9/25/1953
895,Cleve,Raffin,craffinou@netvibes.com,03 Onsgard Plaza,Fivechat,8/6/1999
896,Lora,Colerick,lcolerickov@dot.gov,3767 Chive Parkway,Topicstorm,1/29/1971
897,Paxon,Emmatt,pemmattow@dyndns.org,0888 Forster Court,Linkbuzz,2/19/1996
898,Daniella,Gooderick,dgooderickox@home.pl,33 Lerdahl Street,Thoughtsphere,12/30/1989
899,Cherida,Rantoull,crantoulloy@linkedin.com,1 Atwood Lane,Kimia,7/20/1953
900,Jacki,Bennit,jbennitoz@mozilla.com,1000 Coleman Terrace,Lazzy,9/18/1995
901,Anabal,Callis,acallisp0@etsy.com,732 Upham Hill,Rhynoodle,2/21/1999
902,Barb,Tollett,btollettp1@163.com,147 Fuller Point,Avavee,6/29/1999
903,Vonni,Greswell,vgreswellp2@nhs.uk,26787 Fairview Hill,Camido,4/18/1964
904,Ralph,Schroder,rschroderp3@zdnet.com,69454 New Castle Trail,Quimm,9/27/1956
905,Sioux,Janic,sjanicp4@google.it,74058 Cascade Park,Avavee,3/9/1999
906,Anna-diana,Gamlin,agamlinp5@washingtonpost.com,92860 Dwight Way,Divavu,5/5/1978
907,Winifred,Brister,wbristerp6@etsy.com,939 Karstens Pass,Eadel,3/23/1988
908,Enriqueta,Mathey,ematheyp7@instagram.com,475 Jenifer Court,Skimia,10/28/1953
909,Dorice,Ruddick,druddickp8@wordpress.org,00 Kedzie Circle,Yoveo,2/28/1955
910,Ximenez,Tollfree,xtollfreep9@addthis.com,65 3rd Terrace,Yombu,9/18/1971
911,Nissa,Cockton,ncocktonpa@histats.com,41664 Cambridge Point,Gabcube,11/22/1993
912,Braden,Dawbery,bdawberypb@forbes.com,6 Beilfuss Parkway,Jaloo,7/18/1993
913,Larisa,Gethyn,lgethynpc@lycos.com,54 Springs Road,Leenti,3/27/1968
914,Innis,Ebbers,iebberspd@constantcontact.com,30173 Jenifer Street,Ozu,9/7/1973
915,Silvain,Ruppertz,sruppertzpe@ycombinator.com,623 Blue Bill Park Street,Photobean,12/18/1982
916,Barty,Stoggell,bstoggellpf@dailymotion.com,404 Summerview Park,Flipopia,3/8/1968
917,Violante,Pikett,vpikettpg@msu.edu,9110 Marcy Trail,Lazzy,3/1/1996
918,Jacob,Glawsop,jglawsopph@alexa.com,329 Hooker Center,Latz,10/9/1950
919,Fremont,Covington,fcovingtonpi@japanpost.jp,0 Maryland Road,Quaxo,6/11/1995
920,Borden,Hawkeridge,bhawkeridgepj@dedecms.com,402 Old Gate Way,Zoomcast,6/6/1963
921,Karlie,Simmins,ksimminspk@bloglovin.com,94 Fallview Circle,Devshare,3/1/1994
922,Ermentrude,Durante,edurantepl@mysql.com,527 Barby Parkway,Topicblab,11/11/1952
923,Onfre,Rowaszkiewicz,orowaszkiewiczpm@sciencedaily.com,2373 Lotheville Parkway,Livetube,5/30/1986
924,Teodorico,Christofol,tchristofolpn@dell.com,353 Judy Circle,Topicware,11/11/1972
925,Nathalie,Riddlesden,nriddlesdenpo@bbc.co.uk,733 Carey Court,Pixope,6/24/1952
926,Wat,Stern,wsternpp@furl.net,66 Tony Place,Kanoodle,6/22/1994
927,Tomi,Sand,tsandpq@nbcnews.com,298 Bayside Pass,Shufflebeat,7/17/1983
928,Demetris,Decker,ddeckerpr@seattletimes.com,30 Shopko Lane,Yakijo,4/8/1982
929,Leora,Domke,ldomkeps@feedburner.com,7015 Mockingbird Alley,Topdrive,6/11/1996
930,Dana,Twentyman,dtwentymanpt@usda.gov,89 Prairie Rose Street,Dabjam,4/10/1983
931,Cybil,Dullard,cdullardpu@discuz.net,890 Westerfield Way,Oyope,5/29/1969
932,Ermina,Brasse,ebrassepv@harvard.edu,10 Eggendart Crossing,Rhyloo,6/13/1969
933,Justinn,Ruppelin,jruppelinpw@histats.com,276 Debra Park,Fatz,12/14/1986
934,Ainsley,Blais,ablaispx@tripadvisor.com,75 Bunker Hill Plaza,InnoZ,3/18/1997
935,Margeaux,Charrette,mcharrettepy@goodreads.com,3754 Sunnyside Center,Jabberstorm,10/8/1960
936,Carri,Flewitt,cflewittpz@blog.com,87 Crescent Oaks Place,Talane,1/18/1983
937,Tan,Cotterrill,tcotterrillq0@deliciousdays.com,7 Clove Circle,Devpoint,3/18/1987
938,Miranda,Prati,mpratiq1@nytimes.com,8437 Florence Drive,Buzzbean,11/20/1987
939,Powell,Ledrun,pledrunq2@apple.com,106 Sachtjen Junction,Dabtype,3/20/1973
940,Bendicty,Murrhaupt,bmurrhauptq3@amazon.co.uk,82 Del Sol Drive,Skinte,10/14/1997
941,Zeke,Deverock,zdeverockq4@t-online.de,21157 Blue Bill Park Way,Babbleset,7/2/1972
942,Morgan,Donati,mdonatiq5@geocities.jp,6829 International Hill,Devbug,9/30/1975
943,Darcy,Gadaud,dgadaudq6@whitehouse.gov,76 8th Circle,Tavu,9/17/1970
944,Sharia,Doorey,sdooreyq7@rambler.ru,9451 Everett Crossing,Zava,1/2/1991
945,Juanita,Franiak,jfraniakq8@dot.gov,4 Magdeline Road,Devify,12/18/1964
946,Leda,Vowdon,lvowdonq9@com.com,9 Hooker Parkway,Vimbo,10/11/1995
947,Marissa,Ninnoli,mninnoliqa@timesonline.co.uk,9366 Novick Alley,Zoovu,7/19/1992
948,Alvy,Searles,asearlesqb@apple.com,61901 Scofield Lane,Innotype,4/26/1994
949,Max,Newhouse,mnewhouseqc@vistaprint.com,5881 Fulton Junction,Skilith,8/23/1951
950,Cheston,Brookton,cbrooktonqd@msu.edu,55508 Havey Avenue,Skilith,12/5/1982
951,Anitra,Benini,abeniniqe@un.org,1 School Alley,Skyndu,7/30/1965
952,Marney,Goodluck,mgoodluckqf@ucoz.com,01 Thierer Alley,Twitterwire,4/24/1979
953,Elisabet,Raspison,eraspisonqg@statcounter.com,2868 Kedzie Plaza,Kimia,8/19/1975
954,Ahmad,Castillou,acastillouqh@t-online.de,26 New Castle Road,Youspan,4/30/1998
955,Humbert,Garbett,hgarbettqi@sina.com.cn,126 Bultman Drive,Yombu,1/16/1974
956,Debor,Newcom,dnewcomqj@sitemeter.com,47 Corry Park,Thoughtworks,9/4/1955
957,Graham,Bedham,gbedhamqk@ftc.gov,692 Elgar Pass,Voolith,9/30/1972
958,Sandro,Marl,smarlql@addtoany.com,4363 Merrick Way,Ailane,6/19/1972
959,Johnny,Flight,jflightqm@blog.com,8 Sachs Drive,Voomm,5/20/1974
960,Roi,Staden,rstadenqn@scientificamerican.com,55 Northport Street,Fanoodle,11/22/1989
961,Artie,Bent,abentqo@elegantthemes.com,78 Pearson Street,Rhynoodle,12/11/1967
962,Eve,Allmann,eallmannqp@disqus.com,40548 Vera Park,Linkbuzz,3/2/1969
963,Christophe,Tal,ctalqq@unc.edu,224 Novick Terrace,Tagopia,1/24/1985
964,Kailey,Diem,kdiemqr@sina.com.cn,478 Mayer Alley,Realcube,12/1/1971
965,Wayne,Boldt,wboldtqs@bigcartel.com,97704 Lake View Terrace,Podcat,6/9/1980
966,Harriette,Lanfare,hlanfareqt@dmoz.org,502 Lighthouse Bay Lane,Rhyloo,5/28/1996
967,Lexi,Gunn,lgunnqu@instagram.com,1494 Truax Point,Trunyx,8/10/1984
968,Ariel,Lehon,alehonqv@zimbio.com,26570 Killdeer Place,Feednation,10/28/1976
969,Husein,Swepstone,hswepstoneqw@bbc.co.uk,1731 Lukken Crossing,Yotz,6/6/1968
970,Estrella,Viscovi,eviscoviqx@networkadvertising.org,46639 Jenna Way,Buzzdog,9/14/1988
971,Phylis,Mounfield,pmounfieldqy@dropbox.com,672 4th Circle,Wordify,2/19/1956
972,Karoline,Towlson,ktowlsonqz@accuweather.com,6 Veith Park,Aibox,1/28/1960
973,Alexi,Slogrove,aslogrover0@scientificamerican.com,80 Myrtle Pass,Gigashots,7/6/1998
974,Cal,O'Driscoll,codriscollr1@bing.com,52626 Trailsway Court,Gigazoom,6/28/1970
975,Leshia,Shilburne,lshilburner2@accuweather.com,37462 Heath Street,Voomm,8/24/1950
976,Gabriella,MacCoveney,gmaccoveneyr3@accuweather.com,39 Cottonwood Street,Skyndu,6/12/1994
977,Arielle,De Dei,adedeir4@rambler.ru,06 Londonderry Place,Aimbu,7/20/1968
978,Laurens,Oddey,loddeyr5@sphinn.com,1949 Buena Vista Crossing,Babbleopia,5/29/1967
979,Prudi,Bolsover,pbolsoverr6@joomla.org,88 Paget Way,Buzzster,5/12/1976
980,Jourdain,Lacroutz,jlacroutzr7@apple.com,473 West Pass,Eire,11/11/1961
981,Bird,Izon,bizonr8@illinois.edu,9512 Parkside Point,Meezzy,7/28/1962
982,Levin,Hardy,lhardyr9@prweb.com,5 Sage Parkway,Oyondu,11/29/1958
983,Sandro,Toomer,stoomerra@comcast.net,8 Westport Lane,Zoombox,6/7/1974
984,Russ,Ferrarin,rferrarinrb@hud.gov,6 Glacier Hill Drive,Roodel,7/27/1968
985,Richart,Simacek,rsimacekrc@icio.us,13632 Almo Place,Topicware,11/11/1999
986,Robb,Netley,rnetleyrd@goodreads.com,46 Sauthoff Center,Realpoint,1/16/1967
987,Willette,Rushmere,wrushmerere@google.fr,71170 Pleasure Way,Fivespan,9/24/1991
988,Borden,Bennet,bbennetrf@multiply.com,76561 Buhler Point,Yoveo,6/17/1989
989,Zachary,Meakin,zmeakinrg@newsvine.com,9 Huxley Alley,Feedfire,3/3/1998
990,Viviana,Loveridge,vloveridgerh@symantec.com,315 Almo Circle,Zooveo,9/26/1965
991,Arden,Childrens,achildrensri@google.de,02 Mayer Parkway,Jetpulse,9/17/1997
992,Tanitansy,Bolesma,tbolesmarj@home.pl,0 Corry Trail,Camimbo,5/30/1979
993,Sandro,Gallifont,sgallifontrk@w3.org,046 Eliot Place,Jetwire,3/16/1968
994,Helaine,Urridge,hurridgerl@admin.ch,762 Fordem Center,Topdrive,5/10/1968
995,Marrilee,Spellworth,mspellworthrm@merriam-webster.com,3509 Melvin Drive,Reallinks,11/6/1970
996,Faunie,Abba,fabbarn@facebook.com,1 Clyde Gallagher Avenue,Tagfeed,9/27/1979
997,Jozef,Cush,jcushro@indiegogo.com,31 Jackson Terrace,Mita,11/10/1972
998,Lettie,Lusted,llustedrp@opera.com,97612 Goodland Park,Flipopia,8/5/1960
999,Ricky,Haws,rhawsrq@hao123.com,955 Old Shore Street,Rhybox,1/16/1972
1000,Kevon,Suller,ksullerrr@themeforest.net,12 Riverside Drive,Cogilith,3/4/1961
